Date,Low,Open,Volume,High,Close,Adjusted Close
04-04-2019,33.68000030517578,34.2599983215332,32661800,36.25,35.810001373291016,35.162940979003906
05-04-2019,34.91999816894531,35.400001525878906,4490500,36.79999923706055,36.58000183105469,35.91902160644531
08-04-2019,36.59000015258789,37.0,3526100,39.40999984741211,39.220001220703125,38.511314392089844
09-04-2019,37.65999984741211,39.31999969482422,2905600,40.0,38.599998474121094,37.90251922607422
10-04-2019,38.61000061035156,38.959999084472656,4579900,40.97999954223633,40.2599983215332,39.53252029418945
11-04-2019,40.380001068115234,41.16999816894531,2523800,42.97999954223633,42.060001373291016,41.30000305175781
12-04-2019,41.0099983215332,43.130001068115234,1700300,43.31399917602539,41.869998931884766,41.113426208496094
15-04-2019,41.5099983215332,41.849998474121094,1609900,44.25,42.33000183105469,41.565120697021484
16-04-2019,40.06999969482422,43.13999938964844,1636300,43.22999954223633,40.81999969482422,40.0824089050293
17-04-2019,38.630001068115234,41.099998474121094,1460300,41.27000045776367,39.400001525878906,38.68806457519531
18-04-2019,38.209999084472656,39.4900016784668,778300,39.736000061035156,39.36000061035156,38.64878845214844
22-04-2019,38.75,39.27000045776367,721000,40.310001373291016,40.04999923706055,39.326316833496094
23-04-2019,38.849998474121094,40.349998474121094,909500,40.75,39.29999923706055,38.589866638183594
24-04-2019,38.27000045776367,39.09000015258789,704200,40.04999923706055,39.9900016784668,39.26740646362305
25-04-2019,39.19900131225586,39.869998931884766,627800,40.29999923706055,39.79999923706055,39.08083724975586
26-04-2019,39.93000030517578,39.93000030517578,822000,41.060001373291016,40.22999954223633,39.50306701660156
29-04-2019,38.70000076293945,39.36000061035156,1084100,41.43000030517578,41.25,40.504638671875
30-04-2019,39.80099868774414,41.34000015258789,485600,41.34000015258789,40.25,39.522705078125
01-05-2019,40.209999084472656,40.5,669300,41.91999816894531,40.310001373291016,39.58161926269531
02-05-2019,38.95000076293945,40.060001373291016,619700,40.290000915527344,39.45000076293945,38.737159729003906
03-05-2019,38.36000061035156,39.47999954223633,754800,39.98500061035156,39.16999816894531,38.46221923828125
06-05-2019,37.5099983215332,38.34000015258789,612400,41.04999923706055,40.25,39.522705078125
07-05-2019,38.529998779296875,40.0,708200,40.529998779296875,39.25,38.54077911376953
08-05-2019,38.77000045776367,39.5099983215332,791800,41.178001403808594,39.88999938964844,39.169212341308594
09-05-2019,40.38999938964844,41.459999084472656,1464100,42.20000076293945,41.08000183105469,40.337711334228516
10-05-2019,41.09000015258789,41.09000015258789,1237500,43.9900016784668,43.0,42.22301483154297
13-05-2019,41.54999923706055,42.16999816894531,700500,43.5,42.97999954223633,42.203369140625
14-05-2019,42.15999984741211,43.0099983215332,988200,44.95000076293945,43.43000030517578,42.64524459838867
15-05-2019,42.16999816894531,43.20000076293945,1022000,46.33000183105469,42.470001220703125,41.702598571777344
16-05-2019,40.290000915527344,42.38999938964844,907600,44.150001525878906,44.0099983215332,43.21476745605469
17-05-2019,42.75,43.349998474121094,535900,44.380001068115234,43.290000915527344,42.50777816772461
20-05-2019,42.599998474121094,42.95000076293945,519700,44.619998931884766,44.54999923706055,43.74501037597656
21-05-2019,43.20100021362305,44.9900016784668,335200,45.16699981689453,43.459999084472656,42.674705505371094
22-05-2019,42.80500030517578,43.470001220703125,373200,43.97999954223633,43.47999954223633,42.69435119628906
23-05-2019,42.80099868774414,42.90999984741211,392200,44.07500076293945,44.0099983215332,43.21476745605469
24-05-2019,43.150001525878906,44.060001373291016,402400,44.40999984741211,44.25,43.45043182373047
28-05-2019,42.959999084472656,44.470001220703125,419900,44.779998779296875,43.33000183105469,42.547061920166016
29-05-2019,42.33000183105469,43.06999969482422,448600,43.33000183105469,43.0099983215332,42.23283767700195
30-05-2019,43.029998779296875,43.470001220703125,353400,44.279998779296875,43.970001220703125,43.255943298339844
31-05-2019,43.5,44.2599983215332,783700,45.189998626708984,45.09000015258789,44.357757568359375
03-06-2019,43.439998626708984,45.45000076293945,665700,45.790000915527344,43.81999969482422,43.10837936401367
04-06-2019,42.279998779296875,44.099998474121094,439000,44.560001373291016,43.52000045776367,42.813255310058594
05-06-2019,42.84000015258789,43.7400016784668,426000,44.7400016784668,44.0099983215332,43.29529571533203
06-06-2019,43.04999923706055,43.22999954223633,388000,44.27899932861328,43.59000015258789,42.882118225097656
07-06-2019,42.38999938964844,43.70000076293945,317800,44.060001373291016,42.900001525878906,42.20331573486328
10-06-2019,43.099998474121094,43.099998474121094,339900,43.779998779296875,43.40999984741211,42.70503616333008
11-06-2019,40.619998931884766,43.4900016784668,493100,43.80500030517578,42.75,42.05575942993164
12-06-2019,41.439998626708984,42.41999816894531,358000,43.15999984741211,42.58000183105469,41.888519287109375
13-06-2019,41.650001525878906,42.70000076293945,301200,43.21799850463867,41.84000015258789,41.16053009033203
14-06-2019,41.04999923706055,42.040000915527344,222900,42.33000183105469,41.439998626708984,40.76702880859375
17-06-2019,41.0,41.380001068115234,375500,42.65999984741211,41.81999969482422,41.1408576965332
18-06-2019,41.209999084472656,42.0,422600,42.9900016784668,42.22999954223633,41.54420852661133
19-06-2019,41.93000030517578,42.04999923706055,459600,43.3380012512207,43.029998779296875,42.33120346069336
20-06-2019,42.869998931884766,43.4900016784668,678400,43.70000076293945,42.95000076293945,42.25251388549805
21-06-2019,42.50400161743164,42.81999969482422,2290700,43.5099983215332,43.209999084472656,42.50828552246094
24-06-2019,41.279998779296875,43.4900016784668,698900,43.4900016784668,41.5099983215332,40.83589553833008
25-06-2019,40.5099983215332,41.40999984741211,591900,41.86000061035156,41.09000015258789,40.42271041870117
26-06-2019,40.52000045776367,41.040000915527344,597800,41.755001068115234,41.52000045776367,40.845733642578125
27-06-2019,41.70000076293945,41.70000076293945,618100,42.5,42.43000030517578,41.74095153808594
28-06-2019,42.70000076293945,42.720001220703125,779200,44.5,43.810001373291016,43.098541259765625
01-07-2019,43.5,44.29999923706055,368900,44.63999938964844,43.869998931884766,43.157562255859375
02-07-2019,42.540000915527344,43.86000061035156,471500,44.459999084472656,44.119998931884766,43.403507232666016
03-07-2019,43.72999954223633,44.459999084472656,738600,47.22999954223633,45.5,44.76110076904297
05-07-2019,45.0,45.5,749300,46.93000030517578,46.31999969482422,45.56778335571289
08-07-2019,45.529998779296875,46.5099983215332,647600,47.47999954223633,46.849998474121094,46.08917999267578
09-07-2019,46.79999923706055,46.849998474121094,408300,47.939998626708984,47.060001373291016,46.2957649230957
10-07-2019,46.65999984741211,47.06999969482422,401400,48.29999923706055,47.880001068115234,47.10245132446289
11-07-2019,47.540000915527344,48.2599983215332,573800,49.97999954223633,49.33000183105469,48.52890396118164
12-07-2019,47.17499923706055,49.4900016784668,791700,49.94499969482422,48.25,47.46644592285156
15-07-2019,47.20000076293945,48.45000076293945,306700,48.720001220703125,47.38999938964844,46.62040328979492
16-07-2019,47.400001525878906,47.400001525878906,279200,48.0,47.83000183105469,47.05325698852539
17-07-2019,46.775001525878906,47.5099983215332,303400,48.59000015258789,48.400001525878906,47.6140022277832
18-07-2019,48.20000076293945,48.20000076293945,226200,49.779998779296875,49.709999084472656,48.90272521972656
19-07-2019,49.130001068115234,49.88999938964844,353000,50.47999954223633,49.5,48.69614028930664
22-07-2019,49.25,49.599998474121094,179100,50.22999954223633,50.0,49.188018798828125
23-07-2019,49.50699996948242,50.060001373291016,130600,50.2400016784668,50.040000915527344,49.22737121582031
24-07-2019,46.26599884033203,50.06999969482422,833400,50.06999969482422,46.43000030517578,45.67599868774414
25-07-2019,46.0099983215332,46.43000030517578,372300,47.13999938964844,46.61000061035156,45.85306930541992
26-07-2019,46.79999923706055,46.79999923706055,330700,48.48899841308594,48.16999816894531,47.38772964477539
29-07-2019,47.25,48.459999084472656,563000,49.5,47.63999938964844,46.8663444519043
30-07-2019,46.79999923706055,47.38999938964844,526400,48.95000076293945,47.220001220703125,46.45316696166992
31-07-2019,46.5099983215332,47.400001525878906,498600,48.18000030517578,47.36000061035156,46.59089660644531
01-08-2019,45.516998291015625,46.72999954223633,672000,47.36000061035156,45.70000076293945,44.957847595214844
02-08-2019,44.5099983215332,45.689998626708984,338900,47.18000030517578,46.5,45.744850158691406
05-08-2019,44.779998779296875,45.779998779296875,433800,46.5,45.310001373291016,44.57418441772461
06-08-2019,44.56999969482422,45.689998626708984,342200,46.0,45.400001525878906,44.662723541259766
07-08-2019,44.5099983215332,44.79999923706055,455600,46.22999954223633,45.86000061035156,45.1152458190918
08-08-2019,43.56800079345703,47.20000076293945,947700,48.74599838256836,44.2400016784668,43.52156066894531
09-08-2019,44.33000183105469,44.33000183105469,416100,45.57500076293945,45.22999954223633,44.495479583740234
12-08-2019,44.709999084472656,44.900001525878906,304100,46.41999816894531,45.97999954223633,45.233306884765625
13-08-2019,44.6619987487793,45.93000030517578,268000,46.58000183105469,45.47999954223633,44.741424560546875
14-08-2019,44.209999084472656,45.29999923706055,211800,45.5629997253418,44.209999084472656,43.49204635620117
15-08-2019,44.220001220703125,44.56999969482422,370600,45.25,44.9900016784668,44.25938415527344
16-08-2019,44.665000915527344,45.279998779296875,386800,45.47999954223633,44.880001068115234,44.151161193847656
19-08-2019,44.529998779296875,45.2599983215332,226900,45.45000076293945,44.9900016784668,44.25938415527344
20-08-2019,44.720001220703125,44.939998626708984,482000,46.29999923706055,45.79999923706055,45.05623245239258
21-08-2019,45.72999954223633,45.959999084472656,295800,46.25400161743164,45.849998474121094,45.105411529541016
22-08-2019,44.70000076293945,46.029998779296875,274200,46.349998474121094,45.0099983215332,44.279056549072266
23-08-2019,43.76499938964844,44.75,279800,45.349998474121094,44.209999084472656,43.49204635620117
26-08-2019,42.29999923706055,44.13999938964844,593200,44.56999969482422,42.900001525878906,42.20331573486328
27-08-2019,42.472999572753906,42.90999984741211,335000,43.46900177001953,42.790000915527344,42.09511184692383
28-08-2019,42.459999084472656,42.529998779296875,261900,43.20000076293945,42.72999954223633,42.036075592041016
29-08-2019,42.5,42.81999969482422,358700,43.845001220703125,43.7400016784668,43.0296745300293
30-08-2019,42.33000183105469,43.75,657000,44.25,42.59000015258789,41.97513198852539
03-09-2019,39.91999816894531,42.27000045776367,817400,42.3650016784668,40.58000183105469,39.994144439697266
04-09-2019,40.04999923706055,40.790000915527344,741000,42.290000915527344,42.119998931884766,41.51190948486328
05-09-2019,41.84000015258789,42.560001373291016,441000,43.03499984741211,42.54999923706055,41.935707092285156
06-09-2019,41.84000015258789,42.709999084472656,403700,43.36800003051758,41.9900016784668,41.3837890625
09-09-2019,40.57500076293945,42.060001373291016,800500,42.54999923706055,41.47999954223633,40.88115310668945
10-09-2019,40.279998779296875,41.369998931884766,633700,41.43000030517578,40.75,40.16168975830078
11-09-2019,40.06999969482422,40.599998474121094,635700,41.70000076293945,40.709999084472656,40.12226867675781
12-09-2019,39.56999969482422,40.720001220703125,614500,41.369998931884766,39.77000045776367,39.195838928222656
13-09-2019,39.060001373291016,40.540000915527344,813000,40.9900016784668,39.130001068115234,38.56507873535156
16-09-2019,38.349998474121094,38.93000030517578,947300,39.66999816894531,39.5099983215332,38.93959426879883
17-09-2019,39.060001373291016,39.380001068115234,557100,40.470001220703125,39.09000015258789,38.52565383911133
18-09-2019,38.9900016784668,39.20000076293945,1134000,40.744998931884766,40.15999984741211,39.58020782470703
19-09-2019,39.130001068115234,40.130001068115234,364900,40.130001068115234,39.65999984741211,39.08742904663086
20-09-2019,39.310001373291016,39.63999938964844,1123700,40.66999816894531,40.25,39.66891098022461
23-09-2019,39.599998474121094,39.9900016784668,556800,40.28499984741211,40.150001525878906,39.57035446166992
24-09-2019,39.316001892089844,40.29999923706055,552800,40.34000015258789,39.529998779296875,38.95930099487305
25-09-2019,38.93000030517578,39.439998626708984,496000,39.83000183105469,39.75,39.17612838745117
26-09-2019,36.08000183105469,39.52000045776367,1573900,39.790000915527344,37.404998779296875,36.86498260498047
27-09-2019,36.13999938964844,37.380001068115234,1695500,37.57400131225586,36.52000045776367,35.99276351928711
30-09-2019,35.560001373291016,36.41999816894531,1872100,37.09000015258789,36.97999954223633,36.44611740112305
01-10-2019,37.279998779296875,37.400001525878906,1663500,38.79999923706055,37.81999969482422,37.27399444580078
02-10-2019,36.880001068115234,37.66999816894531,1483800,39.130001068115234,38.58000183105469,38.02301788330078
03-10-2019,37.22999954223633,38.25,631100,39.29999923706055,39.150001525878906,38.58479309082031
04-10-2019,39.119998931884766,39.22999954223633,490000,40.09000015258789,39.650001525878906,39.07757568359375
07-10-2019,39.060001373291016,39.540000915527344,395500,40.40999984741211,40.20000076293945,39.61962890625
08-10-2019,38.52000045776367,39.959999084472656,439600,40.20000076293945,38.83000183105469,38.269405364990234
09-10-2019,38.558998107910156,38.81999969482422,435300,39.8849983215332,39.83000183105469,39.254974365234375
10-10-2019,39.31700134277344,39.75,758300,41.82899856567383,41.04999923706055,40.45736312866211
11-10-2019,38.31999969482422,41.36000061035156,1079700,41.999000549316406,40.27000045776367,39.688621520996094
14-10-2019,38.97999954223633,40.22999954223633,281100,40.29999923706055,39.90999984741211,39.33380889892578
15-10-2019,39.25299835205078,39.939998626708984,332700,40.88999938964844,39.90999984741211,39.33380889892578
16-10-2019,40.470001220703125,40.66999816894531,1468000,42.58000183105469,42.27000045776367,41.65974426269531
17-10-2019,42.0,43.06999969482422,1505700,44.189998626708984,43.25,42.62560272216797
18-10-2019,40.22999954223633,43.0,10169300,43.2599983215332,41.5,40.90085983276367
21-10-2019,41.35499954223633,41.40999984741211,2610400,42.75,42.65999984741211,42.04411697387695
22-10-2019,41.7599983215332,42.83000183105469,1272800,43.80500030517578,41.93000030517578,41.32465362548828
23-10-2019,39.9900016784668,41.2599983215332,2218200,42.29999923706055,40.43000030517578,39.8463134765625
24-10-2019,40.0,40.560001373291016,854900,41.43000030517578,41.130001068115234,40.53620529174805
25-10-2019,40.52000045776367,41.310001373291016,687300,41.869998931884766,40.849998474121094,40.26024627685547
28-10-2019,40.849998474121094,41.06999969482422,1189800,42.150001525878906,41.84000015258789,41.235958099365234
29-10-2019,41.20000076293945,42.0,1024100,42.560001373291016,41.79999923706055,41.196533203125
30-10-2019,40.900001525878906,41.77000045776367,652000,42.119998931884766,41.939998626708984,41.334503173828125
31-10-2019,41.63999938964844,41.7400016784668,615400,42.369998931884766,41.75,41.147254943847656
01-11-2019,41.47999954223633,41.95000076293945,1388700,42.33000183105469,41.650001525878906,41.0487060546875
04-11-2019,40.52000045776367,41.689998626708984,876900,41.939998626708984,40.7400016784668,40.15184020996094
05-11-2019,39.744998931884766,40.849998474121094,1207800,41.0,40.13999938964844,39.56048583984375
06-11-2019,39.88999938964844,39.88999938964844,618100,41.08000183105469,40.58000183105469,39.994144439697266
07-11-2019,40.52000045776367,41.0,908500,42.189998626708984,41.470001220703125,40.87129211425781
08-11-2019,41.380001068115234,41.599998474121094,760300,43.0099983215332,42.689998626708984,42.07368087768555
11-11-2019,41.65999984741211,42.709999084472656,327600,42.959999084472656,42.86000061035156,42.2412223815918
12-11-2019,42.45199966430664,43.02000045776367,617800,43.75,43.06999969482422,42.44819259643555
13-11-2019,42.84000015258789,42.88999938964844,478000,44.0099983215332,43.33000183105469,42.70445251464844
14-11-2019,42.29999923706055,43.34000015258789,513600,43.5,42.7599983215332,42.14267349243164
15-11-2019,42.27000045776367,43.04999923706055,695100,43.4900016784668,43.150001525878906,42.52704620361328
18-11-2019,43.0,43.040000915527344,514000,44.0,43.529998779296875,42.90155792236328
19-11-2019,43.15999984741211,43.75,522700,43.9900016784668,43.27000045776367,42.64531326293945
20-11-2019,43.97999954223633,44.0,1127900,44.935001373291016,44.66999816894531,44.02509307861328
21-11-2019,44.06999969482422,44.529998779296875,712700,45.45000076293945,44.45000076293945,43.80826950073242
22-11-2019,44.209999084472656,44.4900016784668,432400,45.0,44.59000015258789,43.94625473022461
25-11-2019,44.72999954223633,44.83000183105469,1275200,45.599998474121094,45.27000045776367,44.61643600463867
26-11-2019,44.2599983215332,45.369998931884766,1596900,45.79999923706055,44.720001220703125,44.07437515258789
27-11-2019,43.7599983215332,44.95000076293945,440300,45.13999938964844,44.54999923706055,43.906829833984375
29-11-2019,44.04999923706055,44.27000045776367,268000,45.029998779296875,44.72999954223633,44.163536071777344
02-12-2019,44.0,44.7599983215332,391400,45.04999923706055,44.16999816894531,43.61063003540039
03-12-2019,43.61000061035156,43.65999984741211,676700,45.040000915527344,44.709999084472656,44.1437873840332
04-12-2019,44.41999816894531,44.7400016784668,203600,45.19499969482422,44.689998626708984,44.12404251098633
05-12-2019,44.59000015258789,44.59000015258789,740200,45.68000030517578,45.040000915527344,44.46961212158203
06-12-2019,44.63999938964844,45.279998779296875,843600,45.939998626708984,45.40999984741211,44.834922790527344
09-12-2019,45.0099983215332,45.41999816894531,596700,45.790000915527344,45.31999969482422,44.74605941772461
10-12-2019,45.06999969482422,45.36000061035156,466500,45.439998626708984,45.400001525878906,44.825050354003906
11-12-2019,45.029998779296875,45.380001068115234,444800,45.810001373291016,45.18000030517578,44.60783386230469
12-12-2019,44.61000061035156,45.060001373291016,439100,45.75,44.68000030517578,44.114166259765625
13-12-2019,44.40999984741211,44.599998474121094,553600,45.0,44.81999969482422,44.25239944458008
16-12-2019,45.22999954223633,45.79999923706055,847000,46.17599868774414,46.11000061035156,45.526065826416016
17-12-2019,45.59000015258789,46.0,805500,46.58000183105469,45.880001068115234,45.298973083496094
18-12-2019,45.529998779296875,46.06999969482422,608500,46.220001220703125,45.90999984741211,45.32858657836914
19-12-2019,45.709999084472656,46.0,611400,47.04999923706055,46.79999923706055,46.20732116699219
20-12-2019,46.06999969482422,46.95000076293945,1032200,47.16999816894531,46.7599983215332,46.16782760620117
23-12-2019,45.90999984741211,46.869998931884766,548800,46.904998779296875,46.189998626708984,45.605045318603516
24-12-2019,46.01300048828125,46.130001068115234,138900,47.1150016784668,46.91999816894531,46.325801849365234
26-12-2019,46.611000061035156,46.95000076293945,600000,47.310001373291016,46.869998931884766,46.27643585205078
27-12-2019,46.54999923706055,46.83000183105469,229800,47.08000183105469,46.75,46.157958984375
30-12-2019,46.2859992980957,46.689998626708984,263800,47.0099983215332,46.7599983215332,46.16782760620117
31-12-2019,46.23500061035156,46.68000030517578,249100,47.06999969482422,46.349998474121094,45.76301956176758
02-01-2020,46.380001068115234,46.630001068115234,442200,47.04999923706055,46.72999954223633,46.13821029663086
03-01-2020,46.2599983215332,46.27000045776367,388200,47.40999984741211,46.66999816894531,46.0789680480957
06-01-2020,45.45000076293945,46.54999923706055,419100,46.584999084472656,46.11000061035156,45.526065826416016
07-01-2020,45.279998779296875,46.130001068115234,637600,46.439998626708984,45.400001525878906,44.825050354003906
08-01-2020,45.08000183105469,45.65999984741211,1510900,46.33000183105469,46.189998626708984,45.605045318603516
09-01-2020,46.16999816894531,46.65999984741211,999400,47.0099983215332,46.66999816894531,46.0789680480957
10-01-2020,45.88999938964844,46.619998931884766,316500,46.77000045776367,46.16999816894531,45.58530807495117
13-01-2020,45.44499969482422,46.2400016784668,456400,46.72999954223633,45.75,45.17061996459961
14-01-2020,45.55400085449219,45.58000183105469,545200,46.02000045776367,45.709999084472656,45.131126403808594
15-01-2020,45.209999084472656,45.779998779296875,521400,46.13999938964844,45.77000045776367,45.190372467041016
16-01-2020,45.099998474121094,45.900001525878906,590100,46.060001373291016,45.65999984741211,45.08176040649414
17-01-2020,45.2400016784668,45.72999954223633,772600,46.5099983215332,45.75,45.17061996459961
21-01-2020,45.27899932861328,45.5099983215332,613300,46.13999938964844,45.81999969482422,45.23972702026367
22-01-2020,44.95100021362305,45.7599983215332,660800,46.0,45.06999969482422,44.499237060546875
23-01-2020,44.34000015258789,45.0,439300,45.11000061035156,44.900001525878906,44.33137893676758
24-01-2020,44.5,44.869998931884766,936700,45.220001220703125,45.040000915527344,44.46961212158203
27-01-2020,44.13999938964844,44.66999816894531,402100,44.900001525878906,44.619998931884766,44.054927825927734
28-01-2020,44.25,44.560001373291016,661600,45.13999938964844,44.349998474121094,43.788352966308594
29-01-2020,44.02000045776367,44.380001068115234,378300,44.790000915527344,44.11000061035156,43.551395416259766
30-01-2020,44.09000015258789,44.130001068115234,242300,44.9900016784668,44.95000076293945,44.38074493408203
31-01-2020,44.56999969482422,44.91999816894531,699500,46.290000915527344,46.18000030517578,45.595176696777344
03-02-2020,45.83000183105469,46.650001525878906,610600,47.04999923706055,46.709999084472656,46.11846160888672
04-02-2020,46.10499954223633,46.779998779296875,1078500,47.099998474121094,46.33000183105469,45.74327087402344
05-02-2020,44.900001525878906,46.41999816894531,1255700,46.52000045776367,45.439998626708984,44.86454772949219
06-02-2020,44.77000045776367,45.5,343600,45.86000061035156,44.849998474121094,44.282012939453125
07-02-2020,44.672000885009766,44.869998931884766,309500,45.619998931884766,44.97999954223633,44.410369873046875
10-02-2020,44.459999084472656,44.93000030517578,403000,45.44499969482422,45.13999938964844,44.56834411621094
11-02-2020,44.959999084472656,45.209999084472656,880900,46.849998474121094,46.18000030517578,45.595176696777344
12-02-2020,45.400001525878906,46.18000030517578,1615100,47.630001068115234,46.88999938964844,46.29618453979492
13-02-2020,46.7599983215332,46.95000076293945,1275200,47.45000076293945,47.31999969482422,46.720733642578125
14-02-2020,47.36000061035156,47.36000061035156,2442100,50.0,49.45000076293945,48.823760986328125
18-02-2020,48.400001525878906,49.630001068115234,1170700,49.95000076293945,48.86000061035156,48.24123764038086
19-02-2020,48.9900016784668,48.9900016784668,1255000,50.2599983215332,50.06999969482422,49.43590545654297
20-02-2020,49.779998779296875,50.13999938964844,1610100,52.150001525878906,51.68000030517578,51.0255241394043
21-02-2020,50.63999938964844,51.56999969482422,770200,52.18000030517578,51.79499816894531,51.13906478881836
24-02-2020,50.51300048828125,50.68000030517578,1190200,52.7400016784668,51.150001525878906,50.50224304199219
25-02-2020,49.369998931884766,51.290000915527344,1198700,51.290000915527344,49.779998779296875,49.14958572387695
26-02-2020,49.31999969482422,49.65999984741211,888200,50.4900016784668,50.0,49.366790771484375
27-02-2020,48.52000045776367,49.18000030517578,699100,50.09000015258789,48.77000045776367,48.15237808227539
28-02-2020,47.400001525878906,47.81999969482422,1334800,48.97999954223633,48.220001220703125,47.68756866455078
02-03-2020,48.29999923706055,48.779998779296875,1236800,50.56999969482422,50.2599983215332,49.70503234863281
03-03-2020,50.150001525878906,50.5099983215332,815700,52.452999114990234,51.84000015258789,51.2675895690918
04-03-2020,51.15999984741211,52.599998474121094,1187500,53.349998474121094,51.70000076293945,51.12914276123047
05-03-2020,50.77000045776367,51.09000015258789,758400,51.9900016784668,51.119998931884766,50.555538177490234
06-03-2020,48.630001068115234,50.599998474121094,1031600,51.16999816894531,49.58000183105469,49.03254699707031
09-03-2020,45.599998474121094,47.0099983215332,1538100,48.18000030517578,46.849998474121094,46.33268737792969
10-03-2020,46.97999954223633,47.5,869700,49.9900016784668,49.72999954223633,49.18088912963867
11-03-2020,48.11399841308594,48.61000061035156,923000,49.47999954223633,48.630001068115234,48.093040466308594
12-03-2020,42.27000045776367,45.93000030517578,935400,47.040000915527344,43.22999954223633,42.752655029296875
13-03-2020,39.650001525878906,43.47999954223633,1056500,45.529998779296875,43.400001525878906,42.9207878112793
16-03-2020,37.650001525878906,39.630001068115234,760900,41.689998626708984,38.869998931884766,38.44080352783203
17-03-2020,37.0099983215332,38.90999984741211,1215400,40.849998474121094,40.06999969482422,39.62755584716797
18-03-2020,33.22999954223633,40.439998626708984,958600,40.540000915527344,36.220001220703125,35.82006072998047
19-03-2020,35.040000915527344,35.720001220703125,1220600,43.9900016784668,40.0,39.55833053588867
20-03-2020,36.630001068115234,39.619998931884766,1659300,41.25,39.27000045776367,38.836387634277344
23-03-2020,36.029998779296875,39.040000915527344,1006300,39.150001525878906,36.63999938964844,36.23542785644531
24-03-2020,38.220001220703125,38.220001220703125,1045100,40.939998626708984,40.349998474121094,39.904457092285156
25-03-2020,39.869998931884766,40.439998626708984,863400,43.95000076293945,41.61000061035156,41.15055465698242
26-03-2020,41.130001068115234,42.06999969482422,800400,43.66400146484375,42.63999938964844,42.16917419433594
27-03-2020,40.05500030517578,41.5099983215332,559700,42.970001220703125,42.099998474121094,41.6351432800293
30-03-2020,40.9900016784668,42.220001220703125,430700,42.470001220703125,41.970001220703125,41.50657272338867
31-03-2020,40.16999816894531,41.52000045776367,772200,42.279998779296875,42.040000915527344,41.575801849365234
01-04-2020,40.09000015258789,40.779998779296875,818000,42.959999084472656,42.709999084472656,42.2384033203125
02-04-2020,42.77000045776367,42.900001525878906,644100,45.79999923706055,45.689998626708984,45.18549728393555
03-04-2020,44.97999954223633,46.2400016784668,777700,46.31999969482422,45.439998626708984,44.938262939453125
06-04-2020,45.875,46.33000183105469,678500,48.5,48.11000061035156,47.57877731323242
07-04-2020,47.619998931884766,48.779998779296875,721800,49.619998931884766,48.25,47.717227935791016
08-04-2020,48.11000061035156,48.880001068115234,590500,49.95000076293945,49.279998779296875,48.73585510253906
09-04-2020,46.5,49.08000183105469,929500,50.97999954223633,47.439998626708984,46.91617965698242
13-04-2020,45.70000076293945,47.5,457600,47.90999984741211,47.13999938964844,46.61948776245117
14-04-2020,47.849998474121094,47.86000061035156,963900,50.63999938964844,49.529998779296875,48.983097076416016
15-04-2020,48.11000061035156,48.66999816894531,1244500,52.869998931884766,51.56999969482422,51.000572204589844
16-04-2020,52.22999954223633,52.22999954223633,1483400,55.27000045776367,53.15999984741211,52.57301330566406
17-04-2020,51.0,54.2400016784668,1071900,54.69499969482422,51.630001068115234,51.059913635253906
20-04-2020,51.25,51.63999938964844,1031100,53.34000015258789,52.47999954223633,51.90052032470703
21-04-2020,49.9900016784668,50.900001525878906,807900,52.97999954223633,51.439998626708984,50.872005462646484
22-04-2020,50.61000061035156,52.470001220703125,689400,52.470001220703125,51.25,50.684104919433594
23-04-2020,52.0,52.060001373291016,4264800,53.77000045776367,52.52000045776367,51.94009017944336
24-04-2020,51.84000015258789,52.86000061035156,2008000,53.2400016784668,53.0,52.4147834777832
27-04-2020,53.560001373291016,53.66999816894531,1455900,56.29999923706055,56.20000076293945,55.57945251464844
28-04-2020,53.0,56.060001373291016,871200,57.04999923706055,53.40999984741211,52.82025909423828
29-04-2020,53.0099983215332,54.20000076293945,605100,54.72200012207031,53.45000076293945,52.85981750488281
30-04-2020,51.89500045776367,53.380001068115234,565000,54.39099884033203,52.15999984741211,51.58406066894531
01-05-2020,51.18000030517578,52.970001220703125,753500,52.970001220703125,51.91999816894531,51.346710205078125
04-05-2020,51.959999084472656,52.25,560700,53.900001525878906,53.70000076293945,53.1070556640625
05-05-2020,53.560001373291016,54.029998779296875,627500,54.61000061035156,54.04999923706055,53.453182220458984
06-05-2020,53.19499969482422,54.02000045776367,494900,54.72999954223633,53.459999084472656,52.86970520019531
07-05-2020,53.88999938964844,55.91999816894531,643200,56.79999923706055,55.25,54.63994216918945
08-05-2020,56.369998931884766,57.060001373291016,1317800,58.31999969482422,58.18000030517578,57.53758239746094
11-05-2020,58.310001373291016,58.4900016784668,1434700,60.2400016784668,59.939998626708984,59.27815246582031
12-05-2020,58.70000076293945,61.439998626708984,1014700,61.439998626708984,58.7400016784668,58.091407775878906
13-05-2020,58.39400100708008,59.810001373291016,1238100,61.599998474121094,59.95000076293945,59.28804016113281
14-05-2020,58.0099983215332,59.630001068115234,907000,60.505001068115234,59.0,58.348533630371094
15-05-2020,58.790000915527344,59.04999923706055,818000,61.15999984741211,60.810001373291016,60.1385498046875
18-05-2020,61.70000076293945,61.70000076293945,891600,63.59000015258789,62.16999816894531,61.4835205078125
19-05-2020,60.349998474121094,62.0,465400,62.689998626708984,60.5,59.83197021484375
20-05-2020,61.0,61.2599983215332,455800,62.5,61.66999816894531,60.989051818847656
21-05-2020,60.29999923706055,61.380001068115234,438600,62.099998474121094,61.38999938964844,60.71214294433594
22-05-2020,60.099998474121094,60.58000183105469,402100,62.779998779296875,62.52000045776367,61.82966995239258
26-05-2020,62.82899856567383,64.63999938964844,653500,64.86000061035156,63.27000045776367,62.57138442993164
27-05-2020,59.119998931884766,62.91999816894531,1511300,63.38999938964844,61.2400016784668,60.56380844116211
28-05-2020,61.0099983215332,61.880001068115234,1322400,63.5,62.959999084472656,62.26480484008789
29-05-2020,63.154998779296875,63.810001373291016,5176700,66.37000274658203,65.95999908447266,65.3146743774414
01-06-2020,64.9000015258789,65.73999786376953,1514500,68.58499908447266,67.22000122070312,66.56234741210938
02-06-2020,66.25,67.29000091552734,1018700,69.05500030517578,68.0,67.334716796875
03-06-2020,62.65999984741211,67.54000091552734,1883500,67.72000122070312,63.9900016784668,63.36395263671875
04-06-2020,62.69499969482422,63.58000183105469,913600,64.40499877929688,63.5,62.878746032714844
05-06-2020,60.529998779296875,63.40999984741211,1739800,64.20999908447266,62.16999816894531,61.561744689941406
08-06-2020,61.39500045776367,62.0,1507600,64.27999877929688,63.4900016784668,62.86884307861328
09-06-2020,62.43000030517578,63.20000076293945,861200,65.44000244140625,65.01000213623047,64.37397766113281
10-06-2020,64.66500091552734,65.61000061035156,751000,66.22000122070312,65.62999725341797,64.98789978027344
11-06-2020,61.61000061035156,65.29000091552734,849100,65.70999908447266,61.86000061035156,61.254791259765625
12-06-2020,60.81999969482422,62.7400016784668,828900,63.611000061035156,62.529998779296875,61.91822814941406
15-06-2020,61.0099983215332,61.47999954223633,546300,63.244998931884766,63.189998626708984,62.5717658996582
16-06-2020,62.310001373291016,63.93000030517578,909700,64.41500091552734,62.65999984741211,62.046958923339844
17-06-2020,62.029998779296875,62.900001525878906,1304400,64.125,63.16999816894531,62.551963806152344
18-06-2020,62.439998626708984,63.130001068115234,919500,64.5999984741211,63.65999984741211,63.03717803955078
19-06-2020,62.849998474121094,64.5,956900,64.8499984741211,64.41999816894531,63.78974151611328
22-06-2020,61.27199935913086,63.540000915527344,1337700,63.7400016784668,62.31999969482422,61.71028518676758
23-06-2020,61.25,62.75,1041400,63.27000045776367,62.45000076293945,61.839019775390625
24-06-2020,60.26499938964844,62.20000076293945,1321200,62.790000915527344,60.849998474121094,60.254669189453125
25-06-2020,60.84000015258789,61.439998626708984,1245000,62.47999954223633,62.16999816894531,61.561744689941406
26-06-2020,58.33000183105469,61.810001373291016,5371700,62.06999969482422,59.58000183105469,58.997093200683594
29-06-2020,58.5099983215332,59.279998779296875,765400,59.86000061035156,59.13999938964844,58.5614013671875
30-06-2020,57.63999938964844,59.16999816894531,1672300,59.358001708984375,58.13999938964844,57.57118225097656
01-07-2020,57.70000076293945,57.97999954223633,1290500,59.869998931884766,59.22999954223633,58.65052032470703
02-07-2020,57.66999816894531,60.5,1431500,60.875,58.290000915527344,57.7197151184082
06-07-2020,54.31999969482422,58.63999938964844,2385800,59.76499938964844,55.790000915527344,55.24417495727539
07-07-2020,55.540000915527344,55.540000915527344,1275700,56.91999816894531,56.310001373291016,55.759090423583984
08-07-2020,56.459999084472656,56.599998474121094,1057900,57.68000030517578,57.540000915527344,56.97705078125
09-07-2020,54.880001068115234,57.790000915527344,1035200,57.9900016784668,55.43000030517578,54.8876953125
10-07-2020,54.099998474121094,55.27000045776367,1029300,55.29499816894531,54.75,54.2143440246582
13-07-2020,53.40999984741211,54.689998626708984,1181100,55.41999816894531,53.790000915527344,53.26374053955078
14-07-2020,53.31999969482422,53.40999984741211,1082400,54.84000015258789,54.290000915527344,53.75885009765625
15-07-2020,53.80500030517578,54.36000061035156,1053600,55.23500061035156,54.40999984741211,53.87767028808594
16-07-2020,53.41999816894531,54.29999923706055,945100,54.529998779296875,54.02000045776367,53.491493225097656
17-07-2020,53.720001220703125,54.150001525878906,814100,54.4900016784668,54.2400016784668,53.70934295654297
20-07-2020,54.2400016784668,54.2400016784668,735500,56.41999816894531,56.13999938964844,55.590755462646484
21-07-2020,55.779998779296875,56.29999923706055,1302300,56.95000076293945,56.58000183105469,56.02644348144531
22-07-2020,55.61000061035156,56.970001220703125,768800,57.125,56.349998474121094,55.7986946105957
23-07-2020,55.05099868774414,56.369998931884766,644100,56.810001373291016,55.29999923706055,54.75896072387695
24-07-2020,53.84000015258789,55.040000915527344,636900,55.2599983215332,54.4900016784668,53.95689392089844
27-07-2020,54.31999969482422,54.459999084472656,514700,55.459999084472656,54.93000030517578,54.39258575439453
28-07-2020,54.029998779296875,54.59000015258789,681300,54.79999923706055,54.099998474121094,53.57070541381836
29-07-2020,54.060001373291016,54.060001373291016,555200,55.040000915527344,54.61000061035156,54.075721740722656
30-07-2020,52.529998779296875,54.31999969482422,1167400,55.4900016784668,53.560001373291016,53.035987854003906
31-07-2020,53.375,53.790000915527344,993000,54.2599983215332,54.06999969482422,53.54099655151367
03-08-2020,53.36000061035156,54.38999938964844,1054000,55.06999969482422,53.52000045776367,52.99638366699219
04-08-2020,53.150001525878906,53.65999984741211,1043000,54.369998931884766,54.25,53.719234466552734
05-08-2020,53.59000015258789,54.2400016784668,1178400,54.814998626708984,54.029998779296875,53.50139236450195
06-08-2020,53.43000030517578,54.0,871800,54.529998779296875,53.599998474121094,53.075592041015625
07-08-2020,52.33000183105469,53.540000915527344,816600,53.77000045776367,52.849998474121094,52.33293914794922
10-08-2020,51.290000915527344,52.70000076293945,921100,52.70000076293945,51.65999984741211,51.154579162597656
11-08-2020,50.18000030517578,51.529998779296875,1491000,52.65999984741211,52.08000183105469,51.57047653198242
12-08-2020,52.43000030517578,52.65999984741211,1455700,54.88999938964844,54.459999084472656,53.927181243896484
13-08-2020,53.92499923706055,54.2599983215332,676000,55.36000061035156,54.5099983215332,53.9766960144043
14-08-2020,54.439998626708984,54.790000915527344,1217400,56.09000015258789,55.279998779296875,54.739158630371094
17-08-2020,54.2400016784668,55.65999984741211,702800,55.65999984741211,55.0099983215332,54.4718017578125
18-08-2020,54.59000015258789,55.2400016784668,549000,55.555999755859375,55.38999938964844,54.84808349609375
19-08-2020,54.95000076293945,55.189998626708984,505500,55.58000183105469,55.209999084472656,54.66984558105469
20-08-2020,54.439998626708984,54.90999984741211,512000,55.29999923706055,55.13999938964844,54.60053253173828
21-08-2020,53.61000061035156,55.0099983215332,516500,55.0099983215332,54.54999923706055,54.01630783081055
24-08-2020,54.75,55.09000015258789,863300,56.38999938964844,56.150001525878906,55.60065460205078
25-08-2020,54.040000915527344,55.970001220703125,429300,55.97999954223633,54.65999984741211,54.12522506713867
26-08-2020,54.099998474121094,54.529998779296875,748400,57.06999969482422,56.95000076293945,56.392822265625
27-08-2020,56.130001068115234,57.099998474121094,1144300,58.29999923706055,57.310001373291016,56.74930953979492
28-08-2020,57.02000045776367,57.310001373291016,875800,57.77000045776367,57.099998474121094,56.54135513305664
31-08-2020,56.88999938964844,57.220001220703125,581900,57.81999969482422,57.290000915527344,56.80909729003906
01-09-2020,56.70000076293945,57.290000915527344,678400,58.349998474121094,58.09000015258789,57.60237503051758
02-09-2020,56.7400016784668,58.040000915527344,680100,58.040000915527344,57.31999969482422,56.838836669921875
03-09-2020,53.380001068115234,56.5,918600,56.80500030517578,54.04999923706055,53.596290588378906
04-09-2020,52.20000076293945,54.400001525878906,615400,54.65999984741211,53.189998626708984,52.743507385253906
08-09-2020,52.150001525878906,52.33000183105469,616600,54.150001525878906,52.959999084472656,52.51544189453125
09-09-2020,53.20000076293945,53.72999954223633,650300,55.3489990234375,54.83000183105469,54.369747161865234
10-09-2020,53.08000183105469,55.0,649300,55.380001068115234,53.099998474121094,52.65426254272461
11-09-2020,52.78499984741211,53.290000915527344,345300,53.95000076293945,53.189998626708984,52.743507385253906
14-09-2020,53.709999084472656,54.7400016784668,414100,54.779998779296875,54.06999969482422,53.616127014160156
15-09-2020,53.97800064086914,54.34000015258789,349700,54.63999938964844,54.2599983215332,53.80452346801758
16-09-2020,54.47999954223633,54.5099983215332,608300,55.720001220703125,54.599998474121094,54.14167404174805
17-09-2020,53.20000076293945,53.65999984741211,438300,54.470001220703125,53.720001220703125,53.269065856933594
18-09-2020,52.38999938964844,53.75,1771300,54.08000183105469,53.65999984741211,53.209564208984375
21-09-2020,52.3849983215332,52.66999816894531,593100,53.70000076293945,53.54999923706055,53.10048294067383
22-09-2020,52.97999954223633,53.83000183105469,402300,54.0099983215332,54.0099983215332,53.55662536621094
23-09-2020,52.93000030517578,54.11000061035156,491700,54.75,53.29999923706055,52.85258483886719
24-09-2020,52.630001068115234,52.849998474121094,477300,54.220001220703125,53.70000076293945,53.249229431152344
25-09-2020,53.599998474121094,53.70000076293945,566600,55.314998626708984,55.189998626708984,54.726722717285156
28-09-2020,55.63999938964844,55.97999954223633,609400,57.185001373291016,56.849998474121094,56.37278366088867
29-09-2020,56.47999954223633,56.720001220703125,1302400,58.29899978637695,58.029998779296875,57.54288101196289
30-09-2020,57.47999954223633,58.099998474121094,1103900,58.790000915527344,58.0,57.51313018798828
01-10-2020,57.86000061035156,58.45000076293945,917300,58.97999954223633,58.7599983215332,58.26675033569336
02-10-2020,57.77000045776367,58.04999923706055,939700,58.970001220703125,58.54999923706055,58.05851745605469
05-10-2020,57.09000015258789,58.72999954223633,918800,58.91999816894531,57.560001373291016,57.07682800292969
06-10-2020,55.86000061035156,57.86000061035156,897500,57.86000061035156,56.130001068115234,55.65883255004883
07-10-2020,56.099998474121094,56.310001373291016,778600,56.93000030517578,56.83000183105469,56.35295104980469
08-10-2020,56.6619987487793,57.130001068115234,735100,59.27000045776367,59.13999938964844,58.643558502197266
09-10-2020,58.220001220703125,59.25,513800,60.06999969482422,58.77000045776367,58.276668548583984
12-10-2020,58.98500061035156,59.25,505100,60.10499954223633,59.70000076293945,59.19886016845703
13-10-2020,59.724998474121094,60.26499938964844,549500,60.7599983215332,60.130001068115234,59.62525939941406
14-10-2020,57.79999923706055,60.5099983215332,777200,60.5099983215332,58.040000915527344,57.552799224853516
15-10-2020,57.36000061035156,57.77000045776367,394100,59.099998474121094,58.91999816894531,58.4254035949707
16-10-2020,58.5,59.130001068115234,241200,59.67499923706055,58.58000183105469,58.0882682800293
19-10-2020,57.900001525878906,59.0099983215332,239900,59.060001373291016,58.040000915527344,57.552799224853516
20-10-2020,57.84000015258789,57.93000030517578,470600,60.0,59.2400016784668,58.74272537231445
21-10-2020,59.33000183105469,59.61000061035156,482700,60.369998931884766,59.599998474121094,59.099700927734375
22-10-2020,59.26499938964844,60.06999969482422,560100,61.220001220703125,60.79999923706055,60.28962326049805
23-10-2020,60.0099983215332,61.150001525878906,410800,61.15999984741211,60.47999954223633,59.97231674194336
26-10-2020,58.33000183105469,59.72999954223633,412900,60.18000030517578,58.970001220703125,58.47499084472656
27-10-2020,58.939998626708984,59.529998779296875,734500,60.66999816894531,59.75,59.24843978881836
28-10-2020,55.86000061035156,57.959999084472656,878900,58.40399932861328,56.84000015258789,56.36286926269531
29-10-2020,55.43000030517578,57.459999084472656,599100,57.459999084472656,55.84000015258789,55.37125778198242
30-10-2020,53.810001373291016,55.290000915527344,731600,55.83000183105469,54.47999954223633,54.022682189941406
02-11-2020,54.18000030517578,55.0,1065200,56.540000915527344,56.349998474121094,55.876983642578125
03-11-2020,56.189998626708984,56.40999984741211,688400,57.029998779296875,56.400001525878906,55.92655944824219
04-11-2020,56.880001068115234,56.88999938964844,507500,59.38999938964844,59.119998931884766,58.62373352050781
05-11-2020,59.290000915527344,60.380001068115234,621800,61.540000915527344,60.790000915527344,60.27971649169922
06-11-2020,60.44499969482422,60.70000076293945,400000,62.08000183105469,61.68000030517578,61.16223907470703
09-11-2020,58.369998931884766,62.849998474121094,1021700,63.400001525878906,58.58000183105469,58.0882682800293
10-11-2020,56.7599983215332,58.15999984741211,767700,59.290000915527344,57.93000030517578,57.44371795654297
11-11-2020,57.7400016784668,58.41999816894531,456300,61.380001068115234,61.22999954223633,60.71601867675781
12-11-2020,59.849998474121094,61.720001220703125,281100,62.18000030517578,60.18000030517578,59.67483139038086
13-11-2020,59.54999923706055,60.290000915527344,284400,61.31999969482422,60.2599983215332,59.75415802001953
16-11-2020,59.2400016784668,60.56999969482422,513100,60.91999816894531,60.41999816894531,59.91281509399414
17-11-2020,58.72999954223633,60.41999816894531,399600,60.41999816894531,58.97999954223633,58.48490524291992
18-11-2020,57.70000076293945,58.63999938964844,412200,59.66999816894531,58.36000061035156,57.87010955810547
19-11-2020,57.58000183105469,58.66999816894531,523600,59.5,58.75,58.256839752197266
20-11-2020,58.369998931884766,59.06999969482422,274000,59.720001220703125,59.279998779296875,58.78238296508789
23-11-2020,58.2400016784668,59.45000076293945,466800,60.314998626708984,58.540000915527344,58.04859924316406
24-11-2020,57.20000076293945,58.58000183105469,788200,59.04999923706055,57.619998931884766,57.13631820678711
25-11-2020,56.650001525878906,58.20000076293945,856100,58.2599983215332,58.130001068115234,57.64203643798828
27-11-2020,58.689998626708984,58.72999954223633,425100,61.47999954223633,59.810001373291016,59.30793762207031
30-11-2020,59.233001708984375,59.810001373291016,1151100,61.02000045776367,59.650001525878906,59.22850799560547
01-12-2020,59.38999938964844,60.18000030517578,1094300,60.91999816894531,59.97999954223633,59.55617141723633
02-12-2020,58.46500015258789,59.52000045776367,861300,60.5099983215332,58.93000030517578,58.51359176635742
03-12-2020,58.08000183105469,58.650001525878906,887600,60.869998931884766,60.22999954223633,59.804405212402344
04-12-2020,60.54100036621094,61.2400016784668,398400,62.22999954223633,61.119998931884766,60.688114166259766
07-12-2020,61.060001373291016,61.060001373291016,400800,63.29999923706055,62.720001220703125,62.27681350708008
08-12-2020,62.540000915527344,62.88999938964844,827600,64.38999938964844,64.33000183105469,63.87543869018555
09-12-2020,63.25,64.38999938964844,1854000,65.375,64.36000061035156,63.905216217041016
10-12-2020,63.349998474121094,64.20999908447266,1325000,65.01000213623047,64.70999908447266,64.25275421142578
11-12-2020,63.790000915527344,64.31999969482422,1293000,65.56999969482422,64.86000061035156,64.40168762207031
14-12-2020,64.54000091552734,65.33000183105469,898000,67.12999725341797,64.69999694824219,64.24281311035156
15-12-2020,64.48999786376953,64.86000061035156,425300,65.8499984741211,65.41000366210938,64.94781494140625
16-12-2020,64.9749984741211,65.94000244140625,482500,66.41999816894531,66.08000183105469,65.61307525634766
17-12-2020,66.30000305175781,66.30000305175781,559500,68.11000061035156,68.0,67.5195083618164
18-12-2020,67.66000366210938,68.73999786376953,1299100,68.80000305175781,68.37000274658203,67.88688659667969
21-12-2020,66.01499938964844,67.83999633789062,556200,68.19000244140625,66.18000030517578,65.71236419677734
22-12-2020,64.76000213623047,66.12999725341797,663400,67.0,65.41000366210938,64.94781494140625
23-12-2020,64.80000305175781,65.81999969482422,651000,66.3479995727539,64.9800033569336,64.5208511352539
24-12-2020,63.2400016784668,64.83000183105469,551500,65.8499984741211,63.38999938964844,62.942073822021484
28-12-2020,62.369998931884766,63.400001525878906,1090200,63.779998779296875,62.4900016784668,62.04843521118164
29-12-2020,61.29999923706055,63.38999938964844,1104000,63.38999938964844,61.7400016784668,61.303733825683594
30-12-2020,61.27000045776367,61.9900016784668,724900,62.11800003051758,61.58000183105469,61.144874572753906
31-12-2020,61.415000915527344,62.685001373291016,434800,62.685001373291016,62.45000076293945,62.00871658325195
04-01-2021,61.130001068115234,62.90999984741211,628800,64.43000030517578,62.2400016784668,61.80020523071289
05-01-2021,61.310001373291016,62.15999984741211,504200,62.81999969482422,62.400001525878906,61.959068298339844
06-01-2021,61.93000030517578,61.93000030517578,1759800,65.44000244140625,64.41999816894531,63.96479797363281
07-01-2021,64.5999984741211,64.62999725341797,756700,66.05999755859375,65.25,64.7889404296875
08-01-2021,64.51000213623047,64.51000213623047,365700,65.88999938964844,65.33999633789062,64.87828826904297
11-01-2021,64.11000061035156,64.44000244140625,339100,65.47000122070312,64.63999938964844,64.1832504272461
12-01-2021,64.44999694824219,64.58000183105469,619100,65.63999938964844,64.9800033569336,64.5208511352539
13-01-2021,64.76000213623047,65.66000366210938,606300,66.75,66.33999633789062,65.87123107910156
14-01-2021,64.29000091552734,66.45999908447266,473800,66.45999908447266,64.5,64.04423522949219
15-01-2021,64.27999877929688,64.5,750700,65.19999694824219,64.62000274658203,64.16339874267578
19-01-2021,64.68000030517578,64.7300033569336,530600,66.0,65.6500015258789,65.18611145019531
20-01-2021,65.05000305175781,66.19999694824219,387700,66.66000366210938,65.38999938964844,64.92794036865234
21-01-2021,63.95000076293945,65.30999755859375,428600,65.37999725341797,64.95999908447266,64.5009765625
22-01-2021,63.97999954223633,64.87000274658203,322800,65.0999984741211,64.31999969482422,63.86550521850586
25-01-2021,62.279998779296875,64.87999725341797,442000,64.87999725341797,62.84000015258789,62.395965576171875
26-01-2021,61.86000061035156,62.959999084472656,368200,63.0,62.04999923706055,61.611541748046875
27-01-2021,59.599998474121094,61.7599983215332,662200,61.7599983215332,60.540000915527344,60.112213134765625
28-01-2021,59.349998474121094,60.779998779296875,678500,62.13999938964844,61.34000015258789,60.906558990478516
29-01-2021,59.875,60.7599983215332,528600,61.65999984741211,60.790000915527344,60.360450744628906
01-02-2021,60.380001068115234,61.060001373291016,1653700,64.54000091552734,64.5,64.04423522949219
02-02-2021,64.61000061035156,65.3499984741211,1101700,67.0,65.86000061035156,65.39462280273438
03-02-2021,63.88999938964844,65.72000122070312,1434400,66.2699966430664,64.37999725341797,63.92507553100586
04-02-2021,62.380001068115234,64.06999969482422,752100,65.80999755859375,63.36000061035156,62.912288665771484
05-02-2021,63.31999969482422,63.83000183105469,2240400,65.8499984741211,65.0,64.54070281982422
08-02-2021,63.619998931884766,65.55000305175781,908700,66.4000015258789,66.27999877929688,65.81165313720703
09-02-2021,66.0,66.16999816894531,1851700,67.98999786376953,67.69000244140625,67.2116928100586
10-02-2021,66.17500305175781,68.0,1363900,68.37000274658203,67.98999786376953,67.50956726074219
11-02-2021,66.44000244140625,68.08000183105469,1010900,68.45999908447266,67.86000061035156,67.3804931640625
12-02-2021,67.78500366210938,67.9000015258789,924900,68.69499969482422,68.29000091552734,67.80745697021484
16-02-2021,67.29000091552734,68.44000244140625,776800,68.7300033569336,68.27999877929688,67.79752349853516
17-02-2021,67.375,68.22000122070312,1457100,68.31999969482422,67.86000061035156,67.3804931640625
18-02-2021,67.125,67.52999877929688,622100,69.19000244140625,69.0,68.51243591308594
19-02-2021,69.02999877929688,69.12000274658203,527700,69.9000015258789,69.30000305175781,68.81031036376953
22-02-2021,68.91999816894531,69.94999694824219,1041000,70.11000061035156,69.80000305175781,69.30679321289062
23-02-2021,68.5,69.19000244140625,1011800,70.08000183105469,69.61000061035156,69.11812591552734
24-02-2021,68.94499969482422,69.20999908447266,855000,71.29000091552734,70.62999725341797,70.13092041015625
25-02-2021,70.13999938964844,71.18000030517578,2275800,73.9800033569336,73.76000213623047,73.23880004882812
26-02-2021,71.71499633789062,73.86000061035156,1578000,74.41000366210938,72.79000091552734,72.35414123535156
01-03-2021,71.44999694824219,73.2300033569336,1613900,74.4800033569336,73.69000244140625,73.24874877929688
02-03-2021,72.70500183105469,74.2300033569336,753600,74.80999755859375,73.30000305175781,72.861083984375
03-03-2021,70.80000305175781,73.47000122070312,1350600,74.5999984741211,70.97000122070312,70.54502868652344
04-03-2021,66.5,70.3499984741211,2263500,71.2300033569336,69.94000244140625,69.52120971679688
05-03-2021,69.0,70.16000366210938,1777500,73.06999969482422,71.93000030517578,71.49927520751953
08-03-2021,71.91000366210938,72.30999755859375,684600,73.61000061035156,72.44999694824219,72.01615905761719
09-03-2021,72.95999908447266,72.95999908447266,567400,74.23999786376953,73.41999816894531,72.9803466796875
10-03-2021,72.0199966430664,74.08000183105469,497500,74.2300033569336,72.08999633789062,71.65831756591797
11-03-2021,72.05000305175781,72.05000305175781,652200,74.55000305175781,74.23999786376953,73.79545593261719
12-03-2021,73.26000213623047,74.37999725341797,494100,74.66000366210938,74.16000366210938,73.71592712402344
15-03-2021,74.13999938964844,74.44000244140625,524100,75.18000030517578,74.8499984741211,74.40178680419922
16-03-2021,74.2699966430664,75.12000274658203,674500,75.52999877929688,75.0,74.55089569091797
17-03-2021,74.41000366210938,75.30999755859375,998200,75.62999725341797,74.68000030517578,74.23281860351562
18-03-2021,72.5,74.55999755859375,815100,75.5,72.75,72.31437683105469
19-03-2021,71.93000030517578,72.51000213623047,1698900,75.30599975585938,73.70999908447266,73.26862335205078
22-03-2021,72.91000366210938,73.6500015258789,467700,74.2300033569336,73.68000030517578,73.23881530761719
23-03-2021,72.9000015258789,73.41999816894531,609000,74.67500305175781,74.2300033569336,73.78551483154297
24-03-2021,72.7249984741211,74.6500015258789,490100,74.6500015258789,72.9800033569336,72.54299926757812
25-03-2021,71.93000030517578,72.81999969482422,492100,73.16000366210938,73.05000305175781,72.61257934570312
26-03-2021,72.33000183105469,72.87000274658203,320000,74.68000030517578,73.86000061035156,73.41773223876953
29-03-2021,73.13999938964844,73.73999786376953,358200,74.73999786376953,74.47000122070312,74.02407836914062
30-03-2021,73.08000183105469,74.29000091552734,367600,75.0,73.26000213623047,72.82131958007812
31-03-2021,73.2770004272461,73.5999984741211,583500,74.98999786376953,74.0,73.55689239501953
01-04-2021,74.25499725341797,74.45999908447266,632400,76.2699966430664,76.0,75.54490661621094
05-04-2021,75.73999786376953,76.69999694824219,503400,76.98999786376953,76.97000122070312,76.50910949707031
06-04-2021,77.1500015258789,77.20999908447266,731800,79.69000244140625,79.2699966430664,78.79533386230469
07-04-2021,76.76000213623047,80.0,831900,80.0,77.58999633789062,77.12539672851562
08-04-2021,77.76499938964844,78.55000305175781,658200,79.37999725341797,78.72000122070312,78.24862670898438
09-04-2021,77.54000091552734,78.61000061035156,496800,79.37000274658203,78.94999694824219,78.47723388671875
12-04-2021,77.7699966430664,78.73999786376953,633500,79.23999786376953,79.0199966430664,78.54682159423828
13-04-2021,78.62999725341797,79.16999816894531,457000,79.69000244140625,78.69999694824219,78.2287368774414
14-04-2021,78.37000274658203,78.51000213623047,430700,79.3499984741211,78.91999816894531,78.44742584228516
15-04-2021,79.19000244140625,79.5,315200,80.62000274658203,79.9000015258789,79.42156219482422
16-04-2021,79.2699966430664,80.23999786376953,330100,80.2699966430664,79.70999908447266,79.2326889038086
19-04-2021,78.94999694824219,79.61000061035156,448500,80.16000366210938,79.69000244140625,79.21281433105469
20-04-2021,78.47000122070312,79.5999984741211,330700,80.2300033569336,78.87000274658203,78.39773559570312
21-04-2021,78.80000305175781,78.80000305175781,370900,79.94999694824219,79.72000122070312,79.24263763427734
22-04-2021,78.9000015258789,79.4000015258789,642400,80.2300033569336,79.6500015258789,79.17305755615234
23-04-2021,79.58999633789062,79.88999938964844,444500,80.73999786376953,80.2300033569336,79.74958038330078
26-04-2021,79.97000122070312,79.97000122070312,727800,80.83999633789062,80.33000183105469,79.84898376464844
27-04-2021,79.41000366210938,81.31999969482422,541200,81.36000061035156,80.19000244140625,79.70982360839844
28-04-2021,78.66999816894531,79.9800033569336,969600,80.2249984741211,79.5,79.02395629882812
29-04-2021,77.66000366210938,78.01000213623047,733500,80.97000122070312,80.77999877929688,80.29627990722656
30-04-2021,80.41000366210938,80.55999755859375,608200,81.81999969482422,81.27999877929688,80.79329681396484
03-05-2021,81.0999984741211,81.81999969482422,647300,82.4800033569336,81.31999969482422,80.83304595947266
04-05-2021,80.05999755859375,81.11000061035156,639700,82.1760025024414,81.29000091552734,80.80323791503906
05-05-2021,79.19000244140625,80.55999755859375,858200,82.23999786376953,82.13999938964844,81.64814758300781
06-05-2021,81.06999969482422,82.44999694824219,577900,82.75,82.22000122070312,81.72766876220703
07-05-2021,81.82499694824219,82.41000366210938,538500,83.04499816894531,82.52999877929688,82.03581237792969
10-05-2021,82.51000213623047,82.80000305175781,491800,83.54499816894531,83.05000305175781,82.55270385742188
11-05-2021,81.37999725341797,82.20999908447266,615400,83.41000366210938,82.97000122070312,82.47317504882812
12-05-2021,79.41000366210938,82.5,850400,82.50499725341797,79.61000061035156,79.13329315185547
13-05-2021,79.40499877929688,80.05999755859375,1029000,82.56999969482422,82.44000244140625,81.94635009765625
14-05-2021,82.7300033569336,83.23999786376953,673800,84.37000274658203,83.87999725341797,83.37771606445312
17-05-2021,83.26000213623047,83.9800033569336,456000,84.63999938964844,83.7699966430664,83.26837158203125
18-05-2021,81.5999984741211,84.06999969482422,690900,84.87000274658203,81.62000274658203,81.13125610351562
19-05-2021,78.80999755859375,81.33999633789062,953600,81.33999633789062,79.70999908447266,79.2326889038086
20-05-2021,79.33000183105469,79.70999908447266,1660300,80.86000061035156,80.05000305175781,79.5706558227539
21-05-2021,80.30000305175781,80.56999969482422,752500,81.33999633789062,80.93000030517578,80.44539642333984
24-05-2021,81.0,81.1500015258789,745100,81.99500274658203,81.16999816894531,80.68394470214844
25-05-2021,80.22000122070312,81.62000274658203,1100100,82.04000091552734,80.45999908447266,79.97820281982422
26-05-2021,80.13999938964844,80.69999694824219,928300,81.77999877929688,81.1500015258789,80.66407775878906
27-05-2021,80.66000366210938,81.26000213623047,3822900,82.02999877929688,80.9800033569336,80.49508666992188
28-05-2021,80.77999877929688,83.0,1290700,84.18000030517578,83.77999877929688,83.36067962646484
01-06-2021,81.5,84.02999877929688,950700,84.20999908447266,82.11000061035156,81.69903564453125
02-06-2021,81.66000366210938,82.08000183105469,605600,83.31999969482422,82.69999694824219,82.28607940673828
03-06-2021,81.61000061035156,82.30999755859375,774600,82.6449966430664,81.95999908447266,81.5497817993164
04-06-2021,81.55999755859375,82.25,528200,82.8550033569336,82.26000213623047,81.84828186035156
07-06-2021,80.95999908447266,82.41999816894531,835000,82.625,80.9800033569336,80.57469177246094
08-06-2021,80.91999816894531,80.97000122070312,792800,82.56500244140625,82.1500015258789,81.73883056640625
09-06-2021,82.16000366210938,82.16000366210938,869000,83.9800033569336,83.22000122070312,82.80347442626953
10-06-2021,82.2699966430664,83.08000183105469,621600,83.51000213623047,82.36000061035156,81.94779205322266
11-06-2021,82.76000213623047,82.76000213623047,519700,83.86000061035156,83.58000183105469,83.16167449951172
14-06-2021,83.0,83.06999969482422,610300,84.43000030517578,84.41999816894531,83.99746704101562
15-06-2021,84.27999877929688,84.54000091552734,783900,85.0999984741211,84.69000244140625,84.26612854003906
16-06-2021,84.12000274658203,85.0,1039600,85.3499984741211,84.58999633789062,84.16661071777344
17-06-2021,83.70999908447266,84.26000213623047,1298800,85.12999725341797,84.66000366210938,84.23627471923828
18-06-2021,83.19000244140625,84.23999786376953,1672600,84.83999633789062,83.33999633789062,82.9228744506836
21-06-2021,83.48500061035156,83.52999877929688,1013600,85.86000061035156,85.62000274658203,85.19145965576172
22-06-2021,85.16000366210938,85.87999725341797,994800,86.33000183105469,86.1500015258789,85.71881866455078
23-06-2021,84.55000305175781,86.01000213623047,445400,86.41999816894531,85.05000305175781,84.62432098388672
24-06-2021,83.37000274658203,85.2300033569336,589400,85.33999633789062,83.6500015258789,83.23133087158203
25-06-2021,84.37999725341797,84.44000244140625,2852200,85.80000305175781,85.26000213623047,84.8332748413086
28-06-2021,84.0,85.29000091552734,382000,85.72000122070312,84.76000213623047,84.33576965332031
29-06-2021,84.26000213623047,85.02999877929688,378700,85.83999633789062,85.44999694824219,85.0223159790039
30-06-2021,83.94000244140625,85.41999816894531,427500,85.44000244140625,84.55999755859375,84.13676452636719
01-07-2021,84.55999755859375,84.55999755859375,711300,86.01000213623047,85.76000213623047,85.33075714111328
02-07-2021,84.5199966430664,86.44999694824219,365300,86.44999694824219,84.94000244140625,84.5148696899414
06-07-2021,84.11000061035156,85.30000305175781,412300,85.86000061035156,85.54000091552734,85.11186981201172
07-07-2021,85.19999694824219,85.77999877929688,601400,86.9000015258789,86.8499984741211,86.4153060913086
08-07-2021,85.3550033569336,86.31999969482422,301800,86.70999908447266,85.80999755859375,85.3805160522461
09-07-2021,85.88999938964844,86.01000213623047,279600,87.13999938964844,87.05999755859375,86.62425994873047
12-07-2021,86.8550033569336,87.0199966430664,219700,87.87999725341797,87.5199966430664,87.08195495605469
13-07-2021,86.29499816894531,87.37999725341797,187700,87.37999725341797,86.52999877929688,86.09690856933594
14-07-2021,85.23500061035156,85.88999938964844,273500,86.91999816894531,85.91000366210938,85.48001098632812
15-07-2021,85.44499969482422,85.91999816894531,213100,86.25,85.66999816894531,85.2412109375
16-07-2021,85.18000030517578,85.58499908447266,286000,86.0999984741211,85.51000213623047,85.08201599121094
19-07-2021,83.83999633789062,85.0199966430664,334300,85.4000015258789,84.44999694824219,84.02731323242188
20-07-2021,84.20500183105469,84.61000061035156,434000,87.51000213623047,86.80999755859375,86.3755111694336
21-07-2021,87.13999938964844,87.13999938964844,314000,88.43000030517578,87.61000061035156,87.1715087890625
22-07-2021,87.48999786376953,87.80000305175781,201400,88.41000366210938,87.76000213623047,87.32075500488281
23-07-2021,87.73999786376953,88.13999938964844,358200,88.94999694824219,87.81999969482422,87.38045501708984
26-07-2021,86.93499755859375,87.7300033569336,256200,88.20999908447266,87.4000015258789,86.96255493164062
27-07-2021,86.5,87.05000305175781,273100,87.36000061035156,86.91999816894531,86.48495483398438
28-07-2021,86.0,86.94999694824219,1018300,87.44499969482422,87.18000030517578,86.74366760253906
29-07-2021,83.11100006103516,87.11000061035156,609600,87.88999938964844,86.94999694824219,86.51480865478516
30-07-2021,85.27999877929688,85.91999816894531,325200,88.13999938964844,86.7300033569336,86.29591369628906
02-08-2021,86.2699966430664,87.3499984741211,269200,88.11000061035156,87.69000244140625,87.25110626220703
03-08-2021,87.01000213623047,88.12000274658203,207600,88.33499908447266,87.5,87.06205749511719
04-08-2021,86.54000091552734,87.16999816894531,185200,88.0199966430664,87.83999633789062,87.40035247802734
05-08-2021,87.58000183105469,88.22000122070312,260000,88.66000366210938,88.41999816894531,87.97744750976562
06-08-2021,88.31999969482422,88.98999786376953,317700,89.41000366210938,88.87999725341797,88.43513488769531
09-08-2021,88.08000183105469,89.16999816894531,187500,89.76000213623047,88.83999633789062,88.39533996582031
10-08-2021,86.91000366210938,88.81999969482422,252100,88.97000122070312,87.7300033569336,87.29090881347656
11-08-2021,87.0250015258789,87.16999816894531,245600,88.61000061035156,87.5199966430664,87.08195495605469
12-08-2021,87.01000213623047,87.76000213623047,151200,88.23999786376953,87.83000183105469,87.3904037475586
13-08-2021,87.52999877929688,88.12000274658203,101200,88.25499725341797,88.05999755859375,87.61924743652344
16-08-2021,87.06300354003906,88.08000183105469,123700,88.19999694824219,87.9000015258789,87.46005249023438
17-08-2021,86.5999984741211,87.51000213623047,143300,88.0,86.91999816894531,86.48495483398438
18-08-2021,84.8949966430664,86.91000366210938,218000,87.44000244140625,85.12999725341797,84.70391845703125
19-08-2021,84.25,84.45999908447266,178000,86.04000091552734,85.75,85.32081604003906
20-08-2021,86.13999938964844,86.16000366210938,179600,87.2300033569336,86.68000030517578,86.24616241455078
23-08-2021,86.72000122070312,86.72000122070312,184700,88.13500213623047,87.11000061035156,86.67399597167969
24-08-2021,86.7300033569336,87.23999786376953,168300,88.13999938964844,88.06999969482422,87.62919616699219
25-08-2021,87.16999816894531,88.16000366210938,253900,88.55000305175781,87.4000015258789,86.96255493164062
26-08-2021,86.62999725341797,87.37999725341797,181000,87.70999908447266,87.43000030517578,86.99241638183594
27-08-2021,87.47000122070312,87.58000183105469,194500,89.12999725341797,89.0,88.5545425415039
30-08-2021,88.77999877929688,89.30999755859375,242600,89.79000091552734,88.87999725341797,88.43513488769531
31-08-2021,86.52999877929688,88.80000305175781,600700,88.80000305175781,87.01000213623047,86.65250396728516
01-09-2021,85.61499786376953,87.04000091552734,394700,87.33000183105469,86.69999694824219,86.34376525878906
02-09-2021,86.27999877929688,87.12000274658203,268500,87.86000061035156,87.05999755859375,86.70230102539062
03-09-2021,87.30999755859375,87.30999755859375,322100,89.34500122070312,88.41000366210938,88.04676055908203
07-09-2021,85.51000213623047,88.08000183105469,321400,88.22000122070312,85.62000274658203,85.2682113647461
08-09-2021,85.4000015258789,85.91999816894531,420200,88.0199966430664,87.30000305175781,86.9413070678711
09-09-2021,87.29000091552734,87.58000183105469,481900,89.03500366210938,87.41000366210938,87.05086517333984
10-09-2021,85.55000305175781,87.5,344000,87.80000305175781,85.81999969482422,85.46739196777344
13-09-2021,85.52999877929688,86.70999908447266,352900,87.43000030517578,85.55000305175781,85.1985092163086
14-09-2021,84.33999633789062,85.72000122070312,305700,88.04000091552734,84.72000122070312,84.37191009521484
15-09-2021,84.61000061035156,85.12000274658203,604300,86.62000274658203,85.33999633789062,84.98936462402344
16-09-2021,84.7300033569336,85.36000061035156,293100,86.0199966430664,84.80999755859375,84.46153259277344
17-09-2021,83.44999694824219,84.87000274658203,1042900,85.08000183105469,84.20999908447266,83.864013671875
20-09-2021,82.43599700927734,82.91999816894531,544900,84.4000015258789,83.94999694824219,83.60507202148438
21-09-2021,83.4800033569336,84.4000015258789,191900,84.61000061035156,83.55000305175781,83.20672607421875
22-09-2021,83.19999694824219,83.91000366210938,263600,84.31300354003906,83.56999969482422,83.22664642333984
23-09-2021,83.37999725341797,83.87000274658203,280400,84.41000366210938,83.52999877929688,83.18680572509766
24-09-2021,82.80000305175781,83.0999984741211,245700,83.63500213623047,83.47000122070312,83.12704467773438
27-09-2021,80.7300033569336,83.13999938964844,360000,83.48999786376953,81.8499984741211,81.5136947631836
28-09-2021,80.4000015258789,81.33999633789062,433500,82.0,81.19999694824219,80.86637878417969
29-09-2021,81.19999694824219,81.58000183105469,402200,82.70999908447266,81.87000274658203,81.53362274169922
30-09-2021,80.70999908447266,82.11000061035156,358000,83.01000213623047,80.77999877929688,80.4480972290039
01-10-2021,80.88999938964844,81.23999786376953,457700,83.0999984741211,81.97000122070312,81.63321685791016
04-10-2021,80.2300033569336,81.91000366210938,387100,82.25,81.19999694824219,80.86637878417969
05-10-2021,81.19999694824219,81.33000183105469,306100,82.70999908447266,82.11000061035156,81.77263641357422
06-10-2021,80.73999786376953,82.23999786376953,237900,82.23999786376953,81.30000305175781,80.9659652709961
07-10-2021,81.9000015258789,82.1500015258789,449700,83.45999908447266,81.9800033569336,81.64317321777344
08-10-2021,80.56999969482422,80.81999969482422,700900,83.94000244140625,83.66999816894531,83.32623291015625
11-10-2021,82.43499755859375,83.66999816894531,348300,84.21700286865234,82.5999984741211,82.2606201171875
12-10-2021,82.62999725341797,82.62999725341797,247700,84.37999725341797,83.87000274658203,83.52540588378906
13-10-2021,82.49500274658203,82.94999694824219,363900,84.36000061035156,83.22000122070312,82.8780746459961
14-10-2021,83.0,84.25,255000,84.25,83.58000183105469,83.2365951538086
15-10-2021,83.11000061035156,84.0,212200,84.28500366210938,83.4800033569336,83.13700866699219
18-10-2021,82.36000061035156,83.33000183105469,378700,83.68000030517578,83.19000244140625,82.84819793701172
19-10-2021,82.94000244140625,83.5999984741211,312200,84.41999816894531,84.12999725341797,83.78433227539062
20-10-2021,83.31999969482422,84.45999908447266,265900,85.08999633789062,83.9000015258789,83.55528259277344
21-10-2021,83.76000213623047,84.41999816894531,741000,85.9800033569336,84.55999755859375,84.21256256103516
22-10-2021,84.11000061035156,84.4000015258789,330800,86.05000305175781,85.7300033569336,85.37776947021484
25-10-2021,85.0,85.95999908447266,561300,86.70999908447266,86.4000015258789,86.04501342773438
26-10-2021,86.3499984741211,87.05000305175781,362200,88.33999633789062,87.38999938964844,87.03094482421875
27-10-2021,86.7699966430664,87.61000061035156,461800,88.6500015258789,87.08000183105469,86.72222137451172
28-10-2021,83.01000213623047,84.66999816894531,538000,89.08999633789062,87.55000305175781,87.1902847290039
29-10-2021,87.55000305175781,88.08000183105469,646100,89.41999816894531,89.0999984741211,88.73391723632812
01-11-2021,88.01000213623047,89.12999725341797,507000,89.66000366210938,89.66000366210938,89.2916259765625
02-11-2021,88.94000244140625,89.87999725341797,608200,91.48999786376953,91.44999694824219,91.07425689697266
03-11-2021,90.25499725341797,91.44999694824219,843100,92.8499984741211,92.80000305175781,92.41871643066406
04-11-2021,91.7699966430664,93.79000091552734,873500,93.9000015258789,93.4000015258789,93.01625061035156
05-11-2021,93.43499755859375,93.94000244140625,1069300,95.20999908447266,94.5,94.11173248291016
08-11-2021,93.67500305175781,95.0,578500,95.61000061035156,95.11000061035156,94.71922302246094
09-11-2021,94.26000213623047,95.0,465400,95.55999755859375,95.55000305175781,95.15741729736328
10-11-2021,93.37999725341797,95.22000122070312,607100,96.30000305175781,94.47000122070312,94.08185577392578
11-11-2021,93.93000030517578,94.41999816894531,285800,95.25,95.0,94.60968017578125
12-11-2021,94.94999694824219,95.05000305175781,396700,95.94000244140625,95.87999725341797,95.48604583740234
15-11-2021,95.56500244140625,96.0,399700,96.63999938964844,96.5999984741211,96.2031021118164
16-11-2021,96.125,96.95999908447266,503900,97.58999633789062,97.38999938964844,96.98985290527344
17-11-2021,96.48999786376953,97.55999755859375,852700,98.11000061035156,97.98999786376953,97.58738708496094
18-11-2021,97.56999969482422,98.56999969482422,720100,98.81999969482422,98.41999816894531,98.01563262939453
19-11-2021,96.97000122070312,98.0999984741211,904900,98.44499969482422,97.9000015258789,97.49775695800781
22-11-2021,96.2300033569336,99.25,710100,99.25,96.83999633789062,96.4421157836914
23-11-2021,95.33000183105469,96.37000274658203,872700,97.0999984741211,96.70999908447266,96.3126449584961
24-11-2021,95.79000091552734,96.13999938964844,412600,97.30000305175781,97.02999877929688,96.63134002685547
26-11-2021,95.13500213623047,95.83000183105469,511300,96.68000030517578,95.98999786376953,95.59561157226562
29-11-2021,94.0199966430664,96.06999969482422,413000,97.97000122070312,97.30000305175781,96.90023040771484
30-11-2021,94.4000015258789,97.25,1143200,97.94999694824219,96.0,95.68423461914062
01-12-2021,95.0199966430664,97.0,706300,98.08999633789062,95.98999786376953,95.67427062988281
02-12-2021,95.68000030517578,96.18000030517578,604300,98.33999633789062,98.16000366210938,97.8371353149414
03-12-2021,94.29000091552734,98.47000122070312,1019500,98.9800033569336,95.72000122070312,95.40515899658203
06-12-2021,92.19999694824219,95.62000274658203,792500,95.62000274658203,94.0,93.69081115722656
07-12-2021,94.19999694824219,94.19999694824219,774100,96.27999877929688,96.2699966430664,95.9533462524414
08-12-2021,96.19499969482422,96.41999816894531,320200,97.5,96.95999908447266,96.64107513427734
09-12-2021,94.6050033569336,96.61000061035156,561100,97.12000274658203,94.69000244140625,94.37854766845703
10-12-2021,94.69999694824219,95.44000244140625,319300,96.26000213623047,95.2699966430664,94.95663452148438
13-12-2021,94.12000274658203,95.36000061035156,526000,95.9800033569336,95.5,95.18588256835938
14-12-2021,93.37999725341797,94.66000366210938,546800,95.13999938964844,94.48999786376953,94.17919921875
15-12-2021,93.73999786376953,94.63999938964844,491600,95.72000122070312,95.30999755859375,94.99650573730469
16-12-2021,93.61499786376953,96.23999786376953,714100,96.79000091552734,94.33000183105469,94.01972961425781
17-12-2021,92.44100189208984,93.81999969482422,896200,95.2300033569336,94.94000244140625,94.62772369384766
20-12-2021,92.83000183105469,94.13999938964844,606300,94.29000091552734,94.05000305175781,93.74065399169922
21-12-2021,93.25,94.62000274658203,654000,95.01000213623047,94.41999816894531,94.10942840576172
22-12-2021,93.58999633789062,94.68000030517578,1009500,95.38999938964844,95.25,94.93670654296875
23-12-2021,95.73999786376953,95.83000183105469,748000,99.48999786376953,98.88999938964844,98.56472778320312
27-12-2021,99.66999816894531,101.5199966430664,765000,102.30000305175781,101.4000015258789,101.06647491455078
28-12-2021,101.4209976196289,101.45999908447266,471600,102.33000183105469,101.98999786376953,101.65453338623047
29-12-2021,100.56999969482422,101.12000274658203,368100,101.87000274658203,100.66000366210938,100.32891082763672
30-12-2021,100.06999969482422,100.69000244140625,248700,101.39399719238281,100.13999938964844,99.81061553955078
31-12-2021,99.61000061035156,100.0,264200,100.98999786376953,100.13999938964844,99.81061553955078
03-01-2022,95.5199966430664,99.93000030517578,765200,100.25,96.47000122070312,96.15269470214844
04-01-2022,91.80000305175781,96.3499984741211,1191200,96.76000213623047,94.08000183105469,93.77055358886719
05-01-2022,90.62000274658203,93.93000030517578,1156200,94.33999633789062,91.44000244140625,91.13923645019531
06-01-2022,90.08999633789062,90.1500015258789,644200,91.58999633789062,90.91000366210938,90.61097717285156
07-01-2022,90.51000213623047,91.0,770300,91.80000305175781,91.5,91.19904327392578
10-01-2022,89.83000183105469,90.6500015258789,598200,92.0,91.9000015258789,91.59772491455078
11-01-2022,91.2699966430664,91.9000015258789,520600,94.0999984741211,93.9800033569336,93.67089080810547
12-01-2022,92.9749984741211,94.2300033569336,551900,94.73999786376953,94.05999755859375,93.75061798095703
13-01-2022,91.43000030517578,94.16999816894531,652900,94.16999816894531,91.6500015258789,91.34854888916016
14-01-2022,90.30000305175781,91.4000015258789,550800,91.86799621582031,91.70999908447266,91.4083480834961
18-01-2022,89.71099853515625,90.10299682617188,644900,91.22000122070312,91.0199966430664,90.7206039428711
19-01-2022,90.4800033569336,91.5,487100,92.44999694824219,91.0,90.70067596435547
20-01-2022,90.3499984741211,91.87000274658203,609000,92.5199966430664,91.1500015258789,90.8501968383789
21-01-2022,88.79000091552734,90.8499984741211,745200,91.44999694824219,89.44999694824219,89.15577697753906
24-01-2022,85.66999816894531,88.33999633789062,798100,89.7300033569336,89.58000183105469,89.28535461425781
25-01-2022,86.86199951171875,88.2699966430664,1660400,90.80000305175781,89.0199966430664,88.7271957397461
26-01-2022,81.56999969482422,90.01000213623047,1668200,90.01000213623047,82.12999725341797,81.85985565185547
27-01-2022,79.7300033569336,82.44000244140625,869400,83.45999908447266,80.5199966430664,80.2551498413086
28-01-2022,79.6969985961914,80.80999755859375,622300,82.70999908447266,82.70999908447266,82.43794250488281
31-01-2022,81.20999908447266,82.5999984741211,753500,85.36000061035156,84.7699966430664,84.49118041992188
01-02-2022,83.12000274658203,85.13999938964844,886900,86.95999908447266,84.43000030517578,84.15229797363281
02-02-2022,83.86000061035156,84.43000030517578,582300,85.36000061035156,84.0999984741211,83.82337188720703
03-02-2022,79.50499725341797,83.9000015258789,1113700,84.36000061035156,83.72000122070312,83.44463348388672
04-02-2022,82.02999877929688,82.83999633789062,576900,84.43000030517578,83.9800033569336,83.70378112792969
07-02-2022,81.98999786376953,83.91999816894531,585500,85.58000183105469,84.30000305175781,84.02272033691406
08-02-2022,82.94000244140625,83.83000183105469,721800,85.2300033569336,84.9800033569336,84.70049285888672
09-02-2022,85.71499633789062,86.08999633789062,474500,87.19999694824219,86.66000366210938,86.37496185302734
10-02-2022,84.25,85.4000015258789,430600,86.4800033569336,84.91999816894531,84.64068603515625
11-02-2022,82.69000244140625,84.87000274658203,495700,85.11499786376953,83.44000244140625,83.16555786132812
14-02-2022,82.08000183105469,83.1500015258789,449300,84.08000183105469,82.44000244140625,82.16883850097656
15-02-2022,83.26000213623047,83.66000366210938,328200,84.51000213623047,84.37000274658203,84.09249114990234
16-02-2022,82.69000244140625,83.27999877929688,384300,84.16000366210938,83.94000244140625,83.66390991210938
17-02-2022,81.83000183105469,83.58000183105469,344200,83.83999633789062,81.87000274658203,81.60071563720703
18-02-2022,80.33999633789062,81.62999725341797,395100,83.01000213623047,80.66999816894531,80.4046630859375
22-02-2022,79.36000061035156,79.94000244140625,440100,81.5,79.9000015258789,79.63719177246094
23-02-2022,78.9800033569336,80.83999633789062,490000,81.9800033569336,79.0199966430664,78.76008605957031
24-02-2022,76.63999938964844,76.63999938964844,511400,81.31999969482422,80.98999786376953,80.7236099243164
25-02-2022,80.76000213623047,81.45999908447266,544200,82.93000030517578,82.83000183105469,82.55755615234375
28-02-2022,81.91000366210938,82.70999908447266,1046900,85.16999816894531,84.4800033569336,84.28353118896484
01-03-2022,83.62999725341797,84.2699966430664,702100,85.4800033569336,84.80999755859375,84.61276245117188
02-03-2022,84.4800033569336,84.88999938964844,712100,86.41999816894531,85.80000305175781,85.60047149658203
03-03-2022,85.70999908447266,86.80999755859375,975200,87.48999786376953,86.12000274658203,85.91972351074219
04-03-2022,85.55999755859375,85.87999725341797,845900,88.91999816894531,87.45999908447266,87.25659942626953
07-03-2022,84.61499786376953,87.44000244140625,777400,87.7750015258789,84.91000366210938,84.71253967285156
08-03-2022,82.41000366210938,84.4000015258789,762700,85.30999755859375,83.41999816894531,83.22599029541016
09-03-2022,83.86000061035156,85.0,1031400,85.4749984741211,84.4800033569336,84.28353118896484
10-03-2022,81.55000305175781,83.41999816894531,693100,84.03500366210938,83.26000213623047,83.06637573242188
11-03-2022,82.55999755859375,83.62999725341797,386800,83.97000122070312,82.94999694824219,82.75708770751953
14-03-2022,81.2249984741211,83.3499984741211,379100,84.98999786376953,83.73999786376953,83.54524993896484
15-03-2022,80.87000274658203,84.31999969482422,595400,86.19000244140625,86.08000183105469,85.87981414794922
16-03-2022,86.08000183105469,86.4800033569336,1005500,90.0999984741211,87.43000030517578,87.22667694091797
17-03-2022,87.43000030517578,87.51000213623047,866400,88.81999969482422,88.2699966430664,88.06471252441406
18-03-2022,87.55999755859375,88.16999816894531,793400,90.01000213623047,89.87999725341797,89.67096710205078
21-03-2022,88.62000274658203,89.9800033569336,304400,89.9800033569336,88.9800033569336,88.7730712890625
22-03-2022,88.4000015258789,88.7699966430664,546800,89.66500091552734,89.37999725341797,89.17213439941406
23-03-2022,87.58999633789062,88.9800033569336,521400,89.58999633789062,87.76000213623047,87.555908203125
24-03-2022,86.7699966430664,87.76000213623047,496300,89.4800033569336,87.70999908447266,87.50601959228516
25-03-2022,87.45999908447266,88.20999908447266,426300,89.27999877929688,88.12999725341797,87.92504119873047
28-03-2022,88.33000183105469,88.5199966430664,448200,90.11000061035156,90.06999969482422,89.86052703857422
29-03-2022,89.04000091552734,90.97000122070312,570800,91.04000091552734,89.62999725341797,89.42154693603516
30-03-2022,87.80000305175781,89.18000030517578,565100,89.40499877929688,87.97000122070312,87.76541900634766
31-03-2022,87.62999725341797,88.0,658600,89.0999984741211,87.87000274658203,87.6656494140625
01-04-2022,87.19999694824219,88.13999938964844,2340000,89.51000213623047,88.75,88.5436019897461
04-04-2022,88.43000030517578,88.56999969482422,457800,89.98999786376953,88.83999633789062,88.63338470458984
05-04-2022,88.08000183105469,88.7699966430664,1578300,92.0,91.0199966430664,90.80831909179688
06-04-2022,89.69999694824219,90.9749984741211,897000,92.29000091552734,89.81999969482422,89.6111068725586
07-04-2022,88.20999908447266,90.02999877929688,848100,90.87000274658203,89.98999786376953,89.78071594238281
08-04-2022,89.87000274658203,89.95999908447266,522900,91.16500091552734,90.1500015258789,89.94034576416016
11-04-2022,87.80999755859375,90.08000183105469,479400,90.58999633789062,88.02999877929688,87.82527923583984
12-04-2022,86.0,87.31999969482422,598500,88.9000015258789,86.0199966430664,85.8199462890625
13-04-2022,85.54000091552734,86.33000183105469,916200,87.51499938964844,87.0999984741211,86.8974380493164
14-04-2022,85.62999725341797,87.55999755859375,460800,87.93000030517578,85.69000244140625,85.49071502685547
18-04-2022,82.69000244140625,85.30000305175781,372800,85.6500015258789,83.11000061035156,82.91671752929688
19-04-2022,83.02999877929688,83.33999633789062,579400,85.02999877929688,84.52999877929688,84.33341979980469
20-04-2022,83.76000213623047,84.8499984741211,735900,85.63999938964844,83.83000183105469,83.63504791259766
21-04-2022,81.18000030517578,85.06999969482422,621400,85.06999969482422,81.33000183105469,81.14086151123047
22-04-2022,78.9800033569336,81.41000366210938,612900,81.9800033569336,79.08000183105469,78.8960952758789
25-04-2022,77.81500244140625,78.61000061035156,606700,79.83000183105469,79.73999786376953,79.55455780029297
26-04-2022,77.61000061035156,79.73999786376953,653300,79.73999786376953,77.66999816894531,77.48936462402344
27-04-2022,77.30000305175781,77.33999633789062,712300,79.08000183105469,77.80000305175781,77.61907196044922
28-04-2022,73.9000015258789,75.48999786376953,1509900,76.9000015258789,75.25,75.07499694824219
29-04-2022,71.02999877929688,73.9000015258789,1171900,75.19999694824219,71.19000244140625,71.0244369506836
02-05-2022,69.0,71.38999938964844,1281200,72.33999633789062,70.13999938964844,69.97688293457031
03-05-2022,68.88999938964844,70.20999908447266,1151400,70.83000183105469,68.9000015258789,68.7397689819336
04-05-2022,66.8499984741211,68.87999725341797,1790500,69.58999633789062,69.23999786376953,69.07897186279297
05-05-2022,64.80000305175781,69.08000183105469,1445100,69.4749984741211,65.6500015258789,65.49732971191406
06-05-2022,63.08000183105469,65.36000061035156,1483500,65.36000061035156,63.869998931884766,63.72146224975586
09-05-2022,60.25,63.2599983215332,1190300,63.2599983215332,60.47999954223633,60.33934783935547
10-05-2022,59.81999969482422,61.65999984741211,2372000,62.709999084472656,62.349998474121094,62.204994201660156
11-05-2022,61.529998779296875,61.61000061035156,1574400,63.779998779296875,63.06999969482422,62.92332077026367
12-05-2022,62.34000015258789,62.959999084472656,2218800,65.87000274658203,65.52999877929688,65.37760162353516
13-05-2022,65.70999908447266,65.87000274658203,1338400,68.02999877929688,67.2699966430664,67.1135482788086
16-05-2022,64.47000122070312,66.83999633789062,519400,66.83999633789062,64.58999633789062,64.43978881835938
17-05-2022,64.26000213623047,65.16999816894531,584000,66.7300033569336,65.63999938964844,65.48734283447266
18-05-2022,63.060001373291016,64.76000213623047,565300,65.13999938964844,63.38999938964844,63.242576599121094
19-05-2022,62.5,62.5,859500,65.18000030517578,64.69000244140625,64.53955841064453
20-05-2022,64.0,65.20999908447266,864000,66.27999877929688,65.7699966430664,65.6170425415039
23-05-2022,65.51000213623047,66.13999938964844,607800,66.72000122070312,66.02999877929688,65.8764419555664
24-05-2022,63.959999084472656,65.38999938964844,562200,65.61000061035156,65.33000183105469,65.17807006835938
25-05-2022,64.93000030517578,65.20999908447266,590100,66.4800033569336,65.62999725341797,65.47737121582031
26-05-2022,65.43599700927734,65.91000366210938,357400,67.08999633789062,66.87000274658203,66.71448516845703
27-05-2022,67.23999786376953,67.23999786376953,551400,68.95999908447266,68.9000015258789,68.7397689819336
31-05-2022,67.11000061035156,68.83999633789062,714200,68.83999633789062,67.61000061035156,67.53117370605469
01-06-2022,66.29000091552734,67.7300033569336,606500,68.33000183105469,67.2699966430664,67.19156646728516
02-06-2022,67.04000091552734,67.04000091552734,417200,69.05000305175781,68.69999694824219,68.61990356445312
03-06-2022,67.25,67.88999938964844,284500,69.80500030517578,67.63999938964844,67.56114196777344
06-06-2022,68.01000213623047,68.72000122070312,351200,70.4800033569336,68.12999725341797,68.05056762695312
07-06-2022,67.05999755859375,67.30000305175781,532500,69.2300033569336,69.11000061035156,69.02942657470703
08-06-2022,68.13500213623047,68.58000183105469,711000,69.18000030517578,68.56999969482422,68.49005889892578
09-06-2022,68.05999755859375,68.6500015258789,515100,69.30999755859375,68.05999755859375,67.98065185546875
10-06-2022,66.1500015258789,67.30000305175781,1177000,68.5199966430664,67.83999633789062,67.76090240478516
13-06-2022,65.33000183105469,65.94000244140625,534200,66.86000061035156,66.02999877929688,65.95301818847656
14-06-2022,64.31999969482422,66.0999984741211,564200,66.3949966430664,64.73999786376953,64.66452026367188
15-06-2022,64.93000030517578,65.44999694824219,578200,67.26499938964844,66.69000244140625,66.61225128173828
16-06-2022,64.875,65.01000213623047,1025300,68.08499908447266,66.87999725341797,66.8020248413086
17-06-2022,66.86000061035156,66.86000061035156,1499600,68.61499786376953,67.36000061035156,67.2814712524414
21-06-2022,67.58999633789062,67.7699966430664,511300,69.05000305175781,68.83999633789062,68.75973510742188
22-06-2022,68.2699966430664,68.2699966430664,618300,70.87999725341797,70.54000091552734,70.457763671875
23-06-2022,71.12000274658203,71.12000274658203,676200,72.91999816894531,72.81999969482422,72.73509979248047
24-06-2022,72.41999816894531,73.19999694824219,2177200,74.44999694824219,74.08000183105469,73.99363708496094
27-06-2022,72.375,74.1500015258789,432200,74.1500015258789,73.3499984741211,73.26448059082031
28-06-2022,71.66999816894531,73.68000030517578,462700,73.95999908447266,71.87000274658203,71.78620910644531
29-06-2022,69.61000061035156,71.55000305175781,972000,71.78500366210938,69.6500015258789,69.56880187988281
30-06-2022,68.18000030517578,69.47000122070312,1246100,69.58000183105469,68.25,68.1704330444336
01-07-2022,67.33000183105469,67.58999633789062,1591700,69.18000030517578,68.6500015258789,68.56996154785156
05-07-2022,68.01000213623047,68.91000366210938,1009300,71.16000366210938,70.91999816894531,70.83731842041016
06-07-2022,69.11000061035156,70.9000015258789,903200,71.18000030517578,69.18000030517578,69.0993423461914
07-07-2022,67.36000061035156,68.88999938964844,975800,69.76000213623047,69.55000305175781,69.46891784667969
08-07-2022,68.86000061035156,69.0999984741211,547400,70.66000366210938,70.61000061035156,70.52767944335938
11-07-2022,69.5999984741211,70.72000122070312,671900,70.72000122070312,70.5,70.41780853271484
12-07-2022,68.1500015258789,70.87999725341797,539800,71.57499694824219,68.4800033569336,68.40016174316406
13-07-2022,67.66000366210938,67.73999786376953,568800,69.80000305175781,68.66999816894531,68.58993530273438
14-07-2022,66.56999969482422,67.88999938964844,572900,68.73500061035156,67.62000274658203,67.54116821289062
15-07-2022,67.50900268554688,67.9800033569336,559900,68.55999755859375,68.44000244140625,68.36021423339844
18-07-2022,67.8499984741211,69.18000030517578,504700,69.48999786376953,67.91999816894531,67.84081268310547
19-07-2022,68.11000061035156,68.66999816894531,587000,69.44000244140625,68.95999908447266,68.87960052490234
20-07-2022,69.1500015258789,69.22000122070312,631900,70.26499938964844,69.52999877929688,69.44893646240234
21-07-2022,69.56999969482422,69.72000122070312,613800,71.95999908447266,71.06999969482422,70.98714447021484
22-07-2022,70.41000366210938,71.19000244140625,441500,71.37999725341797,70.97000122070312,70.88726043701172
25-07-2022,68.8499984741211,70.97000122070312,523100,71.48999786376953,69.52999877929688,69.44893646240234
26-07-2022,66.69000244140625,69.08000183105469,861600,69.08000183105469,67.29000091552734,67.2115478515625
27-07-2022,67.0199966430664,68.08000183105469,1143800,68.48999786376953,67.73999786376953,67.66101837158203
28-07-2022,67.68000030517578,67.76000213623047,731300,70.41999816894531,69.88999938964844,69.80851745605469
29-07-2022,69.77999877929688,69.79000091552734,804000,70.91000366210938,70.5199966430664,70.43778228759766
01-08-2022,69.47000122070312,70.16999816894531,567800,70.66500091552734,69.66999816894531,69.58877563476562
02-08-2022,68.98999786376953,68.98999786376953,779900,70.72599792480469,69.79000091552734,69.70863342285156
03-08-2022,67.33000183105469,69.58999633789062,754700,69.9800033569336,68.5999984741211,68.52001953125
04-08-2022,68.57499694824219,68.66999816894531,638100,71.95999908447266,70.27999877929688,70.19805908203125
05-08-2022,67.87200164794922,69.41999816894531,352700,70.27999877929688,69.27999877929688,69.19922637939453
08-08-2022,69.95999908447266,70.0,672400,72.43000030517578,72.02999877929688,71.9460220336914
09-08-2022,70.06999969482422,71.7699966430664,543300,71.7699966430664,70.47000122070312,70.3878402709961
10-08-2022,70.93000030517578,71.1500015258789,345500,71.89099884033203,71.66999816894531,71.58644104003906
11-08-2022,71.68199920654297,72.16999816894531,586500,72.66999816894531,72.5,72.41547393798828
12-08-2022,71.81300354003906,72.37999725341797,260000,73.37999725341797,73.30999755859375,73.22452545166016
15-08-2022,73.0199966430664,73.37999725341797,418300,74.37000274658203,74.19999694824219,74.11348724365234
16-08-2022,73.19999694824219,73.75,637300,74.37999725341797,74.37000274658203,74.28329467773438
17-08-2022,73.53500366210938,73.97000122070312,497300,74.55999755859375,74.36000061035156,74.27330780029297
18-08-2022,73.87000274658203,74.36000061035156,442100,74.73999786376953,74.69000244140625,74.60292053222656
19-08-2022,72.38999938964844,74.66999816894531,554300,74.66999816894531,72.98999786376953,72.90489959716797
22-08-2022,71.18000030517578,72.41000366210938,470000,72.76000213623047,71.79000091552734,71.70630645751953
23-08-2022,70.94000244140625,71.79000091552734,445900,71.96499633789062,71.48999786376953,71.40664672851562
24-08-2022,71.33999633789062,71.63999938964844,441600,72.6500015258789,72.37000274658203,72.28562927246094
25-08-2022,71.87999725341797,72.61000061035156,523300,72.92500305175781,72.54000091552734,72.45542907714844
26-08-2022,70.04000091552734,72.62000274658203,484200,72.62000274658203,70.48999786376953,70.4078140258789
29-08-2022,69.04000091552734,70.0,408200,70.76499938964844,69.25,69.16926574707031
30-08-2022,68.2699966430664,69.7300033569336,407400,70.16999816894531,68.62000274658203,68.54000091552734
31-08-2022,68.75,68.93000030517578,775500,69.91999816894531,69.58999633789062,69.58999633789062
01-09-2022,66.08999633789062,68.98999786376953,916000,69.37999725341797,68.69999694824219,68.69999694824219
02-09-2022,66.48500061035156,69.25,517400,69.37000274658203,66.77999877929688,66.77999877929688
06-09-2022,66.2699966430664,66.88999938964844,431900,67.86000061035156,66.98999786376953,66.98999786376953
07-09-2022,65.33999633789062,66.98999786376953,1041900,66.98999786376953,65.83999633789062,65.83999633789062
08-09-2022,65.27999877929688,65.44000244140625,936500,66.87999725341797,66.62000274658203,66.62000274658203
09-09-2022,66.37999725341797,66.86000061035156,536100,68.43000030517578,68.0,68.0
12-09-2022,67.63099670410156,68.11000061035156,638300,68.94999694824219,68.02999877929688,68.02999877929688
13-09-2022,65.5999984741211,66.6500015258789,642500,66.7249984741211,66.01000213623047,66.01000213623047
14-09-2022,64.91999816894531,66.2699966430664,733900,66.29000091552734,65.26000213623047,65.26000213623047
15-09-2022,63.59000015258789,64.83999633789062,878600,65.375,63.90999984741211,63.90999984741211
16-09-2022,62.95000076293945,63.599998474121094,982100,64.87000274658203,64.36000061035156,64.36000061035156
19-09-2022,62.2599983215332,64.16999816894531,744100,64.16999816894531,62.81999969482422,62.81999969482422
20-09-2022,61.23500061035156,62.709999084472656,709000,63.28499984741211,61.34000015258789,61.34000015258789
21-09-2022,60.77000045776367,61.650001525878906,927600,62.43000030517578,60.77000045776367,60.77000045776367
22-09-2022,60.04999923706055,60.790000915527344,800700,61.130001068115234,60.20000076293945,60.20000076293945
23-09-2022,59.27000045776367,60.099998474121094,771500,60.34000015258789,59.619998931884766,59.619998931884766
26-09-2022,58.56999969482422,59.25,1093900,59.58000183105469,59.060001373291016,59.060001373291016
27-09-2022,57.849998474121094,59.439998626708984,877200,59.720001220703125,58.029998779296875,58.029998779296875
28-09-2022,57.650001525878906,58.06999969482422,1102600,58.7599983215332,58.59000015258789,58.59000015258789
29-09-2022,57.41999816894531,58.41999816894531,777000,58.57500076293945,57.68000030517578,57.68000030517578
30-09-2022,56.20500183105469,57.619998931884766,1090100,58.13999938964844,56.41999816894531,56.41999816894531
03-10-2022,55.63999938964844,56.40999984741211,1323300,57.86000061035156,57.58000183105469,57.58000183105469
04-10-2022,57.91999816894531,58.52000045776367,1198600,59.09000015258789,58.59000015258789,58.59000015258789
05-10-2022,57.65999984741211,57.849998474121094,832200,58.68000030517578,57.900001525878906,57.900001525878906
06-10-2022,55.65999984741211,57.59000015258789,701800,59.0,57.45000076293945,57.45000076293945
07-10-2022,54.81999969482422,56.790000915527344,737800,57.0099983215332,55.33000183105469,55.33000183105469
10-10-2022,53.06999969482422,55.709999084472656,576100,55.709999084472656,53.08000183105469,53.08000183105469
11-10-2022,51.650001525878906,52.91999816894531,1291400,53.349998474121094,52.209999084472656,52.209999084472656
12-10-2022,52.40999984741211,52.720001220703125,1018300,53.75,53.13999938964844,53.13999938964844
13-10-2022,51.470001220703125,51.720001220703125,1168100,54.66999816894531,54.25,54.25
14-10-2022,53.099998474121094,54.79999923706055,1100600,55.70500183105469,53.36000061035156,53.36000061035156
17-10-2022,54.45000076293945,54.619998931884766,921955,55.52000045776367,54.91999816894531,54.91999816894531
